readingDtUtz,valuePsi,celsius,fahrenheit
2021-09-01 07:22:15,896,22.88,73.184
2021-09-01 07:55:29,912,22.88,73.184
2021-09-01 14:20:21,976,24.02,75.23599999999999
2021-09-01 14:47:56,992,24.02,75.23599999999999
2021-09-01 19:35:00,952,24.02,75.23599999999999
2021-09-01 21:49:26,928,21.08,69.94399999999999
2021-09-02 11:05:59,1016,17.7,63.86
2021-09-02 12:21:55,1064,17.7,63.86
2021-09-02 12:22:41,1024,17.7,63.86
2021-09-02 12:23:14,1040,17.7,63.86
2021-09-02 12:23:59,984,17.7,63.86
2021-09-02 13:05:41,976,17.7,63.86
2021-09-02 13:17:09,936,17.7,63.86
2021-09-02 13:49:43,168,17.7,63.86
2021-09-02 14:07:29,872,25.98,78.76400000000001
2021-09-02 14:08:10,832,25.98,78.76400000000001
2021-09-02 14:12:34,176,25.98,78.76400000000001
2021-09-02 14:13:23,792,25.98,78.76400000000001
2021-09-02 14:20:46,760,25.98,78.76400000000001
2021-09-02 14:48:32,752,25.98,78.76400000000001
2021-09-02 15:32:36,696,25.98,78.76400000000001
2021-09-02 18:21:31,624,25.98,78.76400000000001
2021-09-02 18:23:01,624,25.98,78.76400000000001
2021-09-02 19:33:02,672,25.98,78.76400000000001
2021-09-02 20:50:49,696,22.08,71.744
2021-09-02 21:18:29,688,22.08,71.744
2021-09-03 00:41:21,712,22.08,71.744
2021-09-03 00:43:19,792,22.08,71.744
2021-09-03 06:51:49,808,19.86,67.74799999999999
2021-09-03 07:14:40,808,19.86,67.74799999999999
2021-09-03 12:07:46,784,17.72,63.896
2021-09-03 12:45:39,176,17.72,63.896
2021-09-03 12:46:00,168,17.72,63.896
2021-09-03 12:47:16,792,17.72,63.896
2021-09-03 12:47:51,168,17.72,63.896
2021-09-03 13:19:08,832,17.72,63.896
2021-09-03 13:29:25,832,17.72,63.896
2021-09-03 13:30:13,832,17.72,63.896
2021-09-03 13:30:46,816,17.72,63.896
2021-09-03 13:31:23,824,17.72,63.896
2021-09-03 16:44:43,864,23.09,73.562
2021-09-03 18:50:54,880,23.09,73.562
2021-09-03 19:03:10,848,23.09,73.562
2021-09-03 19:03:45,856,23.09,73.562
2021-09-03 19:07:30,864,23.09,73.562
2021-09-03 21:37:04,872,22.03,71.654
2021-09-04 05:50:10,856,20.93,69.674
2021-09-04 05:51:14,832,20.93,69.674
2021-09-05 14:06:31,840,26.84,80.312
2021-09-05 20:42:18,832,25.98,78.76400000000001
2021-09-06 06:28:24,856,20.97,69.74600000000001
2021-09-06 06:29:00,808,20.97,69.74600000000001
2021-09-06 08:53:42,864,16.76,62.168000000000006
2021-09-06 08:54:17,856,16.76,62.168000000000006
2021-09-06 08:54:53,840,16.76,62.168000000000006
2021-09-06 08:56:02,848,16.76,62.168000000000006
2021-09-06 14:42:29,848,25.96,78.72800000000001
2021-09-07 05:44:12,920,18.77,65.786
2021-09-07 10:19:57,984,21.01,69.81800000000001
2021-09-07 10:20:37,912,21.01,69.81800000000001
2021-09-07 11:01:28,936,21.01,69.81800000000001
2021-09-07 11:02:48,968,21.01,69.81800000000001
2021-09-07 11:06:09,952,21.01,69.81800000000001
2021-09-07 13:02:09,952,21.01,69.81800000000001
2021-09-07 14:23:58,936,30.42,86.756
2021-09-07 14:56:30,944,30.42,86.756
2021-09-07 16:29:27,920,30.42,86.756
2021-09-07 20:59:22,960,24.4,75.92
2021-09-07 23:39:07,1000,24.4,75.92
2021-09-08 04:43:25,968,18.84,65.912
2021-09-08 08:15:16,944,14.93,58.874
2021-09-08 08:15:51,960,14.93,58.874
2021-09-08 08:17:36,1008,14.93,58.874
2021-09-08 08:19:43,1016,14.93,58.874
2021-09-08 08:21:05,968,14.93,58.874
2021-09-08 08:38:12,960,14.93,58.874
2021-09-08 09:03:24,928,14.93,58.874
2021-09-08 10:50:00,1000,14.93,58.874
2021-09-08 12:54:44,968,14.93,58.874
2021-09-08 13:30:26,976,14.93,58.874
2021-09-08 14:22:32,976,25.81,78.458
2021-09-08 14:45:54,968,25.81,78.458
2021-09-08 14:57:43,960,25.81,78.458
2021-09-08 16:07:57,952,25.81,78.458
2021-09-08 20:36:29,984,21.21,70.178
2021-09-08 20:38:16,1208,21.21,70.178
2021-09-08 21:23:01,1072,21.21,70.178
2021-09-08 23:40:07,1232,21.21,70.178
2021-09-09 03:32:59,184,17.0,62.6
2021-09-09 07:14:49,1144,17.0,62.6
2021-09-09 07:15:25,1312,17.0,62.6
2021-09-09 07:16:01,1376,17.0,62.6
2021-09-09 07:16:35,1344,17.0,62.6
2021-09-09 07:17:17,424,17.0,62.6
2021-09-09 07:47:02,1328,17.0,62.6
2021-09-09 07:47:39,1376,17.0,62.6
2021-09-09 11:08:20,1336,13.94,57.092
2021-09-09 13:18:30,1040,13.94,57.092
2021-09-09 14:16:01,1040,23.06,73.508
2021-09-09 14:16:40,1040,23.06,73.508
2021-09-09 21:09:09,1056,21.08,69.94399999999999
2021-09-09 23:36:17,1128,21.08,69.94399999999999
2021-09-09 23:37:43,1120,21.08,69.94399999999999
2021-09-10 05:37:32,1184,17.71,63.878
2021-09-10 05:37:51,168,17.71,63.878
2021-09-10 05:38:26,1128,17.71,63.878
2021-09-10 05:40:18,1176,17.71,63.878
2021-09-10 07:25:00,1192,17.71,63.878
2021-09-10 08:32:24,1176,15.68,60.224
2021-09-10 11:44:47,1192,15.68,60.224
2021-09-10 11:45:39,1216,15.68,60.224
2021-09-10 14:30:07,1240,25.06,77.108
2021-09-10 14:41:49,1240,25.06,77.108
2021-09-10 14:42:24,1160,25.06,77.108
2021-09-10 14:42:58,1104,25.06,77.108
2021-09-10 14:43:34,1200,25.06,77.108
2021-09-10 18:46:04,1240,25.06,77.108
2021-09-10 19:34:24,1280,25.06,77.108
2021-09-10 21:14:44,1248,24.12,75.416
2021-09-10 23:21:48,1296,24.12,75.416
2021-09-10 23:22:52,1296,24.12,75.416
2021-09-10 23:25:00,1304,24.12,75.416
2021-09-11 04:55:15,1336,19.97,67.946
2021-09-11 17:12:33,1328,29.02,84.23599999999999
2021-09-12 05:49:48,1304,24.29,75.72200000000001
2021-09-12 13:56:38,1304,22.32,72.176
2021-09-12 13:57:17,1336,22.32,72.176
2021-09-12 15:17:14,1344,29.93,85.874
2021-09-12 19:30:27,1304,29.93,85.874
2021-09-13 06:36:27,1264,21.19,70.142
2021-09-13 08:37:50,1232,21.53,70.754
2021-09-13 11:34:17,1224,21.53,70.754
2021-09-13 12:10:30,1160,21.53,70.754
2021-09-13 13:05:09,1168,21.53,70.754
2021-09-13 13:59:07,1176,21.53,70.754
2021-09-13 14:25:36,1224,29.32,84.77600000000001
2021-09-13 16:19:45,1104,29.32,84.77600000000001
2021-09-13 20:34:58,1152,24.66,76.388
2021-09-13 21:38:07,1216,24.66,76.388
2021-09-13 21:42:08,1256,24.66,76.388
2021-09-13 23:34:23,1280,24.66,76.388
2021-09-14 00:13:57,1272,24.66,76.388
2021-09-14 04:34:11,1288,22.02,71.636
2021-09-14 04:34:44,1264,22.02,71.636
2021-09-14 07:23:27,1352,22.02,71.636
2021-09-14 07:24:48,1336,22.02,71.636
2021-09-14 07:25:24,1368,22.02,71.636
2021-09-14 07:49:37,1408,22.02,71.636
2021-09-14 07:50:11,1336,22.02,71.636
2021-09-14 10:33:52,1352,23.51,74.31800000000001
2021-09-14 13:05:37,1360,23.51,74.31800000000001
2021-09-14 14:10:19,1304,29.84,85.712
2021-09-14 15:12:28,1296,29.84,85.712
2021-09-14 16:27:18,1320,29.84,85.712
2021-09-14 16:59:26,1272,29.84,85.712
2021-09-14 19:22:59,1296,29.84,85.712
2021-09-14 20:33:34,1416,22.02,71.636
2021-09-14 21:14:36,1368,22.02,71.636
2021-09-14 21:59:42,1256,22.02,71.636
2021-09-14 23:37:55,1208,22.02,71.636
2021-09-15 03:56:04,1288,18.89,66.00200000000001
2021-09-15 03:56:39,1320,18.89,66.00200000000001
2021-09-15 04:38:32,1392,18.89,66.00200000000001
2021-09-15 06:11:38,1392,18.89,66.00200000000001
2021-09-15 06:12:14,1304,18.89,66.00200000000001
2021-09-15 08:51:52,1360,14.85,58.73
2021-09-15 08:57:17,1424,14.85,58.73
2021-09-15 09:23:54,1392,14.85,58.73
2021-09-15 13:28:02,160,14.85,58.73
2021-09-15 13:28:28,328,14.85,58.73
2021-09-15 14:45:27,168,23.16,73.688
2021-09-15 14:45:54,328,23.16,73.688
2021-09-15 14:52:22,176,23.16,73.688
2021-09-15 14:52:48,328,23.16,73.688
2021-09-15 16:11:14,168,23.16,73.688
2021-09-15 16:11:39,328,23.16,73.688
2021-09-15 20:59:41,192,21.07,69.926
2021-09-15 21:00:07,328,21.07,69.926
2021-09-15 21:46:47,168,21.07,69.926
2021-09-15 21:47:14,328,21.07,69.926
2021-09-15 23:27:39,168,21.07,69.926
2021-09-15 23:28:06,328,21.07,69.926
2021-09-16 08:41:36,344,13.72,56.696
2021-09-16 11:17:35,344,13.72,56.696
2021-09-16 14:00:34,360,26.12,79.016
2021-09-16 14:59:56,360,26.12,79.016
2021-09-16 16:28:15,360,26.12,79.016
2021-09-16 21:11:00,368,24.19,75.542
2021-09-16 23:37:44,376,24.19,75.542
2021-09-17 02:35:26,368,19.7,67.46000000000001
2021-09-17 12:43:53,376,17.98,64.364
2021-09-17 14:46:28,368,29.16,84.488
2021-09-17 16:17:28,368,29.16,84.488
2021-09-17 23:12:43,360,23.13,73.634
2021-09-17 23:42:15,360,23.13,73.634
2021-09-18 06:37:32,352,21.14,70.05199999999999
2021-09-18 13:47:57,344,18.91,66.03800000000001
2021-09-18 21:21:20,176,20.92,69.656
2021-09-18 22:33:58,336,20.92,69.656
2021-09-19 06:08:17,344,18.99,66.18199999999999
2021-09-19 10:21:44,360,18.95,66.11
2021-09-19 14:56:14,360,32.1,89.78
2021-09-20 05:34:40,368,24.31,75.758
2021-09-20 09:01:51,368,22.43,72.374
2021-09-20 10:21:27,368,22.43,72.374
2021-09-20 12:51:20,360,22.43,72.374
2021-09-20 14:06:30,360,25.04,77.072
2021-09-20 16:19:52,360,25.04,77.072
2021-09-20 20:35:13,368,26.39,79.50200000000001
2021-09-20 21:34:11,368,26.39,79.50200000000001
2021-09-20 23:42:50,368,26.39,79.50200000000001
2021-09-21 03:50:06,376,24.37,75.866
2021-09-21 06:18:53,376,24.37,75.866
2021-09-21 13:09:53,368,18.32,64.976
2021-09-21 14:04:16,360,19.1,66.38
2021-09-21 16:11:22,360,19.1,66.38
2021-09-22 04:03:27,344,15.87,60.566
2021-09-22 04:09:28,344,15.87,60.566
2021-09-22 11:27:26,336,13.05,55.49
2021-09-22 13:23:32,336,13.05,55.49
2021-09-22 13:57:53,328,13.05,55.49
2021-09-22 14:56:27,336,16.05,60.89
2021-09-22 16:14:43,336,16.05,60.89
2021-09-22 20:31:58,328,14.96,58.928
2021-09-22 23:40:27,336,14.96,58.928
2021-09-23 02:43:57,176,13.82,56.876000000000005
2021-09-23 02:44:24,336,13.82,56.876000000000005
2021-09-23 07:13:48,336,13.82,56.876000000000005
2021-09-23 08:20:23,344,10.83,51.494
2021-09-23 14:10:05,336,16.95,62.51
2021-09-23 16:12:58,336,16.95,62.51
2021-09-23 21:43:01,336,16.86,62.348
2021-09-23 23:34:02,336,16.86,62.348
2021-09-24 05:57:32,344,12.92,55.256
2021-09-24 07:33:40,336,12.92,55.256
2021-09-24 13:49:23,336,11.78,53.204
2021-09-24 16:06:06,336,24.08,75.344
2021-09-24 20:31:59,336,22.89,73.202
2021-09-24 21:01:51,328,22.89,73.202
2021-09-24 23:30:34,328,22.89,73.202
2021-09-25 14:49:46,352,18.95,66.11
2021-09-25 18:46:37,360,18.95,66.11
2021-09-25 21:10:47,360,18.93,66.074
2021-09-26 06:11:44,352,15.92,60.656
2021-09-26 13:04:52,344,12.04,53.672
2021-09-27 05:59:34,360,20.96,69.72800000000001
2021-09-27 07:23:13,352,20.96,69.72800000000001
2021-09-27 08:14:46,352,18.86,65.94800000000001
2021-09-27 10:48:34,352,18.86,65.94800000000001
2021-09-27 13:54:59,168,18.86,65.94800000000001
2021-09-27 14:21:50,344,27.36,81.24799999999999
2021-09-27 16:16:46,336,27.36,81.24799999999999
2021-09-27 19:31:14,336,27.36,81.24799999999999
2021-09-27 20:34:11,344,18.17,64.706
2021-09-27 20:58:41,344,18.17,64.706
2021-09-27 23:35:10,352,18.17,64.706
2021-09-28 04:33:02,336,17.83,64.094
2021-09-28 06:14:45,336,17.83,64.094
2021-09-28 13:24:40,176,16.71,62.078
2021-09-28 13:25:00,336,16.71,62.078
2021-09-28 14:04:38,344,22.05,71.69
2021-09-28 21:16:27,344,18.07,64.52600000000001
2021-09-28 21:38:08,344,18.07,64.52600000000001
2021-09-28 23:23:37,352,18.07,64.52600000000001
2021-09-29 06:05:45,168,16.45,61.61
2021-09-29 07:33:21,368,16.45,61.61
2021-09-29 10:31:49,376,14.19,57.542
2021-09-29 14:32:00,376,26.75,80.15
2021-09-29 16:10:57,368,26.75,80.15
2021-09-29 23:40:41,368,21.09,69.962
2021-09-30 06:42:58,368,16.84,62.312
2021-09-30 08:12:01,368,16.42,61.556
2021-09-30 08:58:27,368,16.42,61.556
2021-09-30 09:02:59,368,16.42,61.556
2021-09-30 10:40:31,376,16.42,61.556
2021-09-30 10:51:46,368,16.42,61.556
2021-09-30 13:27:41,376,16.42,61.556
2021-09-30 14:05:50,376,26.08,78.94399999999999
2021-09-30 14:51:03,376,26.08,78.94399999999999
2021-09-30 16:17:25,376,26.08,78.94399999999999
2021-09-30 21:47:26,376,21.98,71.564
2021-09-30 22:25:46,376,21.98,71.564
2021-09-30 23:40:45,376,21.98,71.564
2021-10-01 04:25:17,392,16.84,62.312
2021-10-01 04:25:17,392,16.84,62.312
2021-10-01 06:16:01,392,16.84,62.312
2021-10-01 06:16:01,392,16.84,62.312
2021-10-01 13:30:11,376,16.66,61.988
2021-10-01 13:30:11,376,16.66,61.988
2021-10-01 15:29:38,368,28.79,83.822
2021-10-01 15:29:38,368,28.79,83.822
2021-10-01 16:14:39,368,28.79,83.822
2021-10-01 16:14:39,368,28.79,83.822
2021-10-01 23:37:05,360,25.14,77.25200000000001
2021-10-01 23:37:05,360,25.14,77.25200000000001
2021-10-02 01:50:44,360,25.14,77.25200000000001
2021-10-02 11:01:04,368,19.35,66.83000000000001
2021-10-02 18:19:39,344,25.62,78.116
2021-10-02 21:39:14,344,21.62,70.916
2021-10-03 04:05:21,360,21.44,70.59200000000001
2021-10-03 09:35:03,376,20.41,68.738
2021-10-03 14:56:10,432,24.1,75.38
2021-10-03 15:00:11,440,24.1,75.38
2021-10-03 18:52:55,440,24.1,75.38
2021-10-04 04:09:10,416,18.35,65.03
2021-10-04 08:19:16,400,18.3,64.94
2021-10-04 10:54:37,464,18.3,64.94
2021-10-04 14:56:00,392,22.14,71.852
2021-10-04 18:09:48,456,22.14,71.852
2021-10-04 20:31:58,424,19.11,66.398
2021-10-04 21:30:38,488,19.11,66.398
2021-10-04 23:36:51,464,19.11,66.398
2021-10-05 04:09:14,488,18.96,66.128
2021-10-05 08:40:49,536,18.1,64.58000000000001
2021-10-05 09:20:41,448,18.1,64.58000000000001
2021-10-05 09:21:22,536,18.1,64.58000000000001
2021-10-05 10:49:12,520,18.1,64.58000000000001
2021-10-05 11:57:24,536,18.1,64.58000000000001
2021-10-05 12:42:32,592,18.1,64.58000000000001
2021-10-05 14:10:11,536,19.51,67.118
2021-10-05 16:12:18,496,19.51,67.118
2021-10-05 20:36:39,488,19.18,66.524
2021-10-05 21:11:55,184,19.18,66.524
2021-10-05 23:42:46,528,19.18,66.524
2021-10-05 23:45:08,496,19.18,66.524
2021-10-06 04:00:27,184,18.27,64.886
2021-10-06 07:07:25,536,18.27,64.886
2021-10-06 08:09:29,416,18.16,64.688
2021-10-06 10:27:59,440,18.16,64.688
2021-10-06 14:08:10,424,19.21,66.578
2021-10-06 16:15:16,504,19.21,66.578
2021-10-06 23:40:39,504,19.2,66.56
2021-10-06 23:42:30,512,19.2,66.56
2021-10-07 04:05:15,520,19.28,66.70400000000001
2021-10-07 04:29:33,512,19.28,66.70400000000001
2021-10-07 07:56:46,520,19.28,66.70400000000001
2021-10-07 07:57:21,456,19.28,66.70400000000001
2021-10-07 07:57:56,480,19.28,66.70400000000001
2021-10-07 09:18:33,448,19.41,66.938
2021-10-07 10:44:41,496,19.41,66.938
2021-10-07 11:00:18,472,19.41,66.938
2021-10-07 11:00:57,448,19.41,66.938
2021-10-07 11:16:19,448,19.41,66.938
2021-10-07 12:47:20,168,19.41,66.938
2021-10-07 14:35:30,512,21.5,70.7
2021-10-07 14:47:39,536,21.5,70.7
2021-10-07 16:04:04,544,21.5,70.7
2021-10-07 21:33:42,504,19.47,67.04599999999999
2021-10-07 21:40:50,528,19.47,67.04599999999999
2021-10-07 23:38:52,496,19.47,67.04599999999999
2021-10-07 23:40:18,552,19.47,67.04599999999999
2021-10-08 04:59:35,528,18.9,66.02
2021-10-08 05:52:19,512,18.9,66.02
2021-10-08 07:12:51,560,18.9,66.02
2021-10-08 08:10:05,560,17.31,63.158
2021-10-08 10:17:55,576,17.31,63.158
2021-10-08 14:08:55,592,22.98,73.364
2021-10-08 16:09:28,600,22.98,73.364
2021-10-08 19:28:29,600,22.98,73.364
2021-10-08 20:36:21,736,19.99,67.982
2021-10-08 21:15:02,704,19.99,67.982
2021-10-08 23:33:51,768,19.99,67.982
2021-10-09 04:11:27,784,18.28,64.904
2021-10-09 06:40:01,608,18.28,64.904
2021-10-09 18:52:58,640,26.0,78.80000000000001
2021-10-10 04:20:45,640,23.15,73.67
2021-10-11 04:12:22,624,23.14,73.652
2021-10-11 15:53:14,600,25.34,77.612
2021-10-11 15:53:55,592,25.34,77.612
2021-10-12 10:43:39,592,17.21,62.978
2021-10-12 14:09:57,592,16.2,61.16
2021-10-12 15:19:17,608,16.2,61.16
2021-10-12 16:15:54,592,16.2,61.16
2021-10-12 19:27:45,624,16.2,61.16
2021-10-12 21:24:45,656,16.8,62.24
2021-10-12 23:42:07,656,16.8,62.24
2021-10-13 05:19:57,176,12.84,55.112
2021-10-13 05:22:53,680,12.84,55.112
2021-10-13 09:26:48,688,11.84,53.312
2021-10-13 09:45:00,680,11.84,53.312
2021-10-13 12:56:19,664,11.84,53.312
2021-10-13 12:56:53,688,11.84,53.312
2021-10-13 12:57:28,688,11.84,53.312
2021-10-13 12:58:02,696,11.84,53.312
2021-10-13 12:58:46,696,11.84,53.312
2021-10-13 13:04:01,792,11.84,53.312
2021-10-13 14:10:45,720,21.1,69.98
2021-10-13 16:16:12,720,21.1,69.98
2021-10-13 16:16:55,696,21.1,69.98
2021-10-13 16:17:45,704,21.1,69.98
2021-10-13 16:19:52,704,21.1,69.98
2021-10-13 16:20:40,712,21.1,69.98
2021-10-13 16:37:22,720,21.1,69.98
2021-10-13 21:50:11,728,18.01,64.418
2021-10-13 22:13:19,752,18.01,64.418
2021-10-13 23:38:42,768,18.01,64.418
2021-10-14 00:46:25,168,18.01,64.418
2021-10-14 04:17:49,784,21.43,70.574
2021-10-14 04:35:16,776,21.43,70.574
2021-10-14 07:19:32,776,21.43,70.574
2021-10-14 07:20:12,768,21.43,70.574
2021-10-14 07:21:05,760,21.43,70.574
2021-10-14 07:21:52,784,21.43,70.574
2021-10-14 07:22:27,768,21.43,70.574
2021-10-14 07:23:23,768,21.43,70.574
2021-10-14 07:29:56,752,21.43,70.574
2021-10-14 08:48:37,744,17.01,62.618
2021-10-14 10:59:22,760,17.01,62.618
2021-10-14 13:56:37,768,17.01,62.618
2021-10-14 16:17:35,744,18.09,64.562
2021-10-14 20:33:45,728,17.92,64.256
2021-10-14 23:36:38,808,17.92,64.256
2021-10-14 23:37:57,864,17.92,64.256
2021-10-14 23:39:19,880,17.92,64.256
2021-10-15 04:14:59,776,12.87,55.166
2021-10-15 05:38:32,776,12.87,55.166
2021-10-15 05:39:41,816,12.87,55.166
2021-10-15 05:40:23,920,12.87,55.166
2021-10-15 05:40:59,944,12.87,55.166
2021-10-15 05:41:35,792,12.87,55.166
2021-10-15 05:42:25,792,12.87,55.166
2021-10-15 08:00:02,912,11.7,53.06
2021-10-15 10:54:40,816,11.7,53.06
2021-10-15 14:24:19,816,15.1,59.18
2021-10-15 14:34:45,800,15.1,59.18
2021-10-15 16:17:27,832,15.1,59.18
2021-10-15 16:39:58,912,15.1,59.18
2021-10-15 21:55:24,904,13.0,55.400000000000006
2021-10-15 23:17:50,848,13.0,55.400000000000006
2021-10-16 03:58:12,856,10.9,51.620000000000005
2021-10-16 14:39:23,832,13.81,56.858
2021-10-16 19:16:48,792,13.81,56.858
2021-10-17 06:16:56,800,5.82,42.476
2021-10-17 13:43:47,904,5.82,42.476
2021-10-17 14:19:35,792,17.98,64.364
2021-10-18 06:39:23,784,10.96,51.728
2021-10-18 06:39:58,792,10.96,51.728
2021-10-18 08:05:36,760,10.35,50.63
2021-10-18 08:06:20,688,10.35,50.63
2021-10-18 10:18:46,872,10.35,50.63
2021-10-18 10:19:24,712,10.35,50.63
2021-10-18 12:30:40,672,10.35,50.63
2021-10-18 13:06:24,664,10.35,50.63
2021-10-18 14:13:13,704,16.08,60.944
2021-10-18 16:21:02,672,16.08,60.944
2021-10-18 21:55:50,712,11.65,52.97
2021-10-18 23:27:46,680,11.65,52.97
2021-10-18 23:34:45,568,11.65,52.97
2021-10-19 04:55:32,600,6.14,43.052
2021-10-19 04:56:56,552,6.14,43.052
2021-10-19 08:19:25,568,6.45,43.61
2021-10-19 08:21:19,552,6.45,43.61
2021-10-19 13:45:34,608,6.45,43.61
2021-10-19 14:37:29,592,15.99,60.782
2021-10-19 16:15:38,592,15.99,60.782
2021-10-19 21:19:53,592,14.7,58.46
2021-10-19 23:39:05,632,14.7,58.46
2021-10-20 03:42:46,744,11.66,52.988
2021-10-20 04:34:51,640,11.66,52.988
2021-10-20 07:07:59,680,11.66,52.988
2021-10-20 10:30:30,672,13.16,55.688
2021-10-20 10:41:19,680,13.16,55.688
2021-10-20 10:42:13,656,13.16,55.688
2021-10-20 10:43:08,688,13.16,55.688
2021-10-20 11:20:26,688,13.16,55.688
2021-10-20 14:23:21,168,21.67,71.006
2021-10-20 14:24:05,824,21.67,71.006
2021-10-20 14:53:13,728,21.67,71.006
2021-10-20 14:54:03,720,21.67,71.006
2021-10-20 15:00:52,760,21.67,71.006
2021-10-20 16:09:07,944,21.67,71.006
2021-10-20 16:10:40,952,21.67,71.006
2021-10-20 19:18:11,1016,21.67,71.006
2021-10-20 20:40:25,1048,17.01,62.618
2021-10-20 20:42:22,1136,17.01,62.618
2021-10-20 21:56:44,1152,17.01,62.618
2021-10-20 23:42:48,1120,17.01,62.618
2021-10-21 03:40:30,936,17.53,63.554
2021-10-21 03:41:04,864,17.53,63.554
2021-10-21 07:09:40,896,17.53,63.554
2021-10-21 08:30:56,800,15.73,60.314
2021-10-21 08:31:30,1032,15.73,60.314
2021-10-21 08:32:18,768,15.73,60.314
2021-10-21 08:33:48,904,15.73,60.314
2021-10-21 08:34:42,848,15.73,60.314
2021-10-21 10:52:44,744,15.73,60.314
2021-10-21 14:15:06,792,23.88,74.98400000000001
2021-10-21 14:19:07,752,23.88,74.98400000000001
2021-10-21 15:09:50,744,23.88,74.98400000000001
2021-10-21 20:38:01,168,18.47,65.24600000000001
2021-10-21 21:18:30,760,18.47,65.24600000000001
2021-10-21 23:44:17,768,18.47,65.24600000000001
2021-10-21 23:46:22,776,18.47,65.24600000000001
2021-10-22 04:18:45,832,16.13,61.034
2021-10-22 06:21:04,832,16.13,61.034
2021-10-22 06:21:38,856,16.13,61.034
2021-10-22 06:51:17,864,16.13,61.034
2021-10-22 08:48:19,1008,17.89,64.202
2021-10-22 08:48:53,168,17.89,64.202
2021-10-22 12:20:31,1144,17.89,64.202
2021-10-22 12:21:16,872,17.89,64.202
2021-10-22 12:21:51,1152,17.89,64.202
2021-10-22 12:22:34,912,17.89,64.202
2021-10-22 14:48:09,1136,21.52,70.73599999999999
2021-10-22 16:17:00,1144,21.52,70.73599999999999
2021-10-22 19:59:43,912,21.52,70.73599999999999
2021-10-22 20:40:03,944,17.82,64.076
2021-10-22 23:41:11,984,17.82,64.076
2021-10-23 13:44:45,880,10.14,50.252
2021-10-23 14:21:36,888,15.41,59.738
2021-10-23 14:41:35,896,15.41,59.738
2021-10-23 14:43:56,888,15.41,59.738
2021-10-23 15:29:51,896,15.41,59.738
2021-10-23 18:01:34,912,15.41,59.738
2021-10-23 18:15:13,984,15.41,59.738
2021-10-23 19:25:19,952,15.41,59.738
2021-10-23 19:27:14,1000,15.41,59.738
2021-10-24 06:23:27,1008,6.83,44.294
2021-10-24 10:39:01,1000,4.79,40.622
2021-10-24 10:47:22,1008,4.79,40.622
2021-10-24 11:29:21,1000,4.79,40.622
2021-10-24 14:56:05,944,14.26,57.668
2021-10-25 06:25:23,976,10.55,50.99
2021-10-25 07:09:15,944,10.55,50.99
2021-10-25 08:50:38,960,11.18,52.124
2021-10-25 09:05:48,1000,11.18,52.124
2021-10-25 14:14:28,1056,12.87,55.166
2021-10-25 14:18:25,1048,12.87,55.166
2021-10-25 15:23:23,1056,12.87,55.166
2021-10-25 16:21:26,1016,12.87,55.166
2021-10-25 21:08:09,984,12.02,53.636
2021-10-25 22:19:58,1056,12.02,53.636
2021-10-25 23:43:49,1032,12.02,53.636
2021-10-25 23:46:33,1040,12.02,53.636
2021-10-26 02:43:14,1056,12.66,54.788
2021-10-26 04:38:18,1072,12.66,54.788
2021-10-26 04:38:54,1024,12.66,54.788
2021-10-26 08:15:58,1032,14.08,57.344
2021-10-26 11:07:42,1104,14.08,57.344
2021-10-26 11:48:06,1208,14.08,57.344
2021-10-26 13:29:37,1096,14.08,57.344
2021-10-26 13:30:13,1088,14.08,57.344
2021-10-26 13:31:28,1104,14.08,57.344
2021-10-26 13:32:21,1120,14.08,57.344
2021-10-26 20:39:00,1104,13.0,55.400000000000006
2021-10-26 22:04:58,1088,13.0,55.400000000000006
2021-10-26 22:10:16,1088,13.0,55.400000000000006
2021-10-26 23:42:20,1096,13.0,55.400000000000006
2021-10-27 04:41:19,1056,10.76,51.368
2021-10-27 09:22:59,1112,10.35,50.63
2021-10-27 09:23:46,1120,10.35,50.63
2021-10-27 09:24:43,1128,10.35,50.63
2021-10-27 10:55:47,1184,10.35,50.63
2021-10-27 13:13:38,1208,10.35,50.63
2021-10-27 13:38:03,1192,10.35,50.63
2021-10-27 14:19:00,1184,6.46,43.628
2021-10-27 14:19:36,1192,6.46,43.628
2021-10-27 22:07:39,1208,10.01,50.018
2021-10-27 22:08:29,1248,10.01,50.018
2021-10-27 22:51:28,1280,10.01,50.018
2021-10-28 02:28:27,1224,5.84,42.512
2021-10-28 04:38:37,1216,5.84,42.512
2021-10-28 04:39:17,1208,5.84,42.512
2021-10-28 04:39:54,1200,5.84,42.512
2021-10-28 09:11:38,360,4.97,40.946
2021-10-28 09:12:18,1256,4.97,40.946
2021-10-28 09:12:59,1256,4.97,40.946
2021-10-28 09:13:54,1304,4.97,40.946
2021-10-28 09:14:40,1312,4.97,40.946
2021-10-28 09:15:14,1304,4.97,40.946
2021-10-28 14:19:21,1312,8.31,46.958
2021-10-28 14:19:46,712,8.31,46.958
2021-10-28 14:20:23,1344,8.31,46.958
2021-10-28 14:21:09,1312,8.31,46.958
2021-10-28 22:45:29,1328,7.61,45.698
2021-10-29 00:55:28,248,7.61,45.698
2021-10-29 00:55:41,192,7.61,45.698
2021-10-29 00:56:45,1336,7.61,45.698
2021-10-29 04:54:43,1328,3.02,37.436
2021-10-29 05:07:52,184,3.02,37.436
2021-10-29 05:08:49,1336,3.02,37.436
2021-10-29 06:14:38,1336,3.02,37.436
2021-10-29 06:15:16,1304,3.02,37.436
2021-10-29 06:40:33,1312,3.02,37.436
2021-10-29 07:10:35,1280,3.02,37.436
2021-10-29 11:18:24,1312,3.85,38.93
2021-10-29 14:03:08,1328,8.11,46.598
2021-10-29 14:17:25,1272,8.11,46.598
2021-10-29 14:18:02,1200,8.11,46.598
2021-10-29 14:18:42,1144,8.11,46.598
2021-10-29 14:19:16,1200,8.11,46.598
2021-10-29 14:20:19,1280,8.11,46.598
2021-10-29 14:20:52,1336,8.11,46.598
2021-10-29 14:21:55,1384,8.11,46.598
2021-10-29 21:32:35,1368,10.25,50.45
2021-10-29 23:51:58,1432,10.25,50.45
2021-10-30 03:39:30,1456,11.89,53.402
2021-10-30 03:40:05,1432,11.89,53.402
2021-10-30 05:50:05,1480,11.89,53.402
2021-10-30 05:50:46,1552,11.89,53.402
2021-10-31 11:38:07,1472,13.78,56.804
2021-10-31 11:38:44,1456,13.78,56.804
2021-10-31 11:39:23,1480,13.78,56.804
2021-11-01 03:17:02,1432,12.13,53.834
2021-11-01 03:18:39,1480,12.13,53.834
2021-11-01 03:20:06,1488,12.13,53.834
2021-11-01 07:08:55,1472,12.13,53.834
2021-11-01 08:30:53,1432,11.14,52.05200000000001
2021-11-01 09:47:50,1408,11.14,52.05200000000001
2021-11-01 14:14:40,1464,15.51,59.918
2021-11-01 14:52:12,1448,15.51,59.918
2021-11-01 22:55:30,1448,11.12,52.016
2021-11-01 22:56:09,1480,11.12,52.016
2021-11-01 22:58:58,1568,11.12,52.016
2021-11-02 10:13:32,1544,7.43,45.374
2021-11-02 10:14:12,1552,7.43,45.374
2021-11-02 10:15:14,1496,7.43,45.374
2021-11-02 10:19:05,1560,7.43,45.374
2021-11-02 10:19:47,1552,7.43,45.374
2021-11-02 10:21:07,392,7.43,45.374
2021-11-02 10:21:45,1616,7.43,45.374
2021-11-02 11:29:39,1608,7.43,45.374
2021-11-02 14:15:35,1672,13.85,56.93
2021-11-02 15:18:47,1688,13.85,56.93
2021-11-02 21:45:12,1672,11.45,52.61
2021-11-02 22:37:57,1616,11.45,52.61
2021-11-02 22:38:35,1648,11.45,52.61
2021-11-02 22:40:20,176,11.45,52.61
2021-11-02 22:41:03,1712,11.45,52.61
2021-11-02 22:41:56,1664,11.45,52.61
2021-11-03 05:29:39,1704,7.73,45.914
2021-11-03 07:15:33,192,7.73,45.914
2021-11-03 10:06:04,1688,2.81,37.058
2021-11-03 10:06:41,1624,2.81,37.058
2021-11-03 10:58:02,1728,2.81,37.058
2021-11-03 11:34:52,184,2.81,37.058
2021-11-03 11:35:50,1592,2.81,37.058
2021-11-03 12:06:08,1696,2.81,37.058
2021-11-03 12:07:12,1608,2.81,37.058
2021-11-03 12:08:04,1560,2.81,37.058
2021-11-03 12:09:36,1560,2.81,37.058
2021-11-03 12:36:45,1568,2.81,37.058
2021-11-03 13:56:51,1688,2.81,37.058
2021-11-03 14:09:22,184,11.33,52.394000000000005
2021-11-03 14:09:59,1552,11.33,52.394000000000005
2021-11-03 14:10:32,1544,11.33,52.394000000000005
2021-11-03 14:39:19,1672,11.33,52.394000000000005
2021-11-03 22:14:08,1736,6.05,42.89
2021-11-03 22:15:45,184,6.05,42.89
2021-11-04 03:39:30,1768,2.22,35.996
2021-11-04 04:24:00,176,2.22,35.996
2021-11-04 07:03:48,200,2.22,35.996
2021-11-04 11:22:29,448,-0.2099999999999999,31.622
2021-11-04 21:33:30,432,6.98,44.564
2021-11-05 04:02:26,432,2.7,36.86
2021-11-05 06:08:00,432,2.7,36.86
2021-11-05 06:30:36,424,2.7,36.86
2021-11-05 14:26:08,432,10.07,50.126000000000005
2021-11-05 21:37:19,424,6.79,44.222
2021-11-06 01:18:04,440,6.79,44.222
2021-11-06 03:58:04,448,2.86,37.148
2021-11-06 06:08:25,456,2.86,37.148
2021-11-07 01:23:33,192,3.13,37.634
2021-11-07 01:24:25,424,3.13,37.634
2021-11-07 11:03:20,448,1.66,34.988
2021-11-08 04:23:48,432,5.45,41.81
2021-11-08 14:09:35,416,16.07,60.926
2021-11-08 15:12:31,408,16.07,60.926
2021-11-08 21:23:54,408,11.63,52.934
2021-11-08 22:48:04,408,11.63,52.934
2021-11-09 01:57:06,408,7.86,46.148
2021-11-09 04:49:22,416,7.86,46.148
2021-11-09 05:51:35,408,7.86,46.148
2021-11-09 06:57:15,416,7.86,46.148
2021-11-09 08:19:50,408,7.03,44.654
2021-11-09 10:14:06,392,7.03,44.654
2021-11-09 10:57:30,384,7.03,44.654
2021-11-09 14:16:15,368,21.02,69.836
2021-11-09 16:56:59,352,21.02,69.836
2021-11-09 21:19:27,360,15.79,60.422
2021-11-09 23:13:07,368,15.79,60.422
2021-11-10 04:32:51,384,13.51,56.318
2021-11-10 06:54:52,384,13.51,56.318
2021-11-10 08:58:17,384,11.73,53.114
2021-11-10 13:31:38,384,15.94,60.692
2021-11-10 13:32:17,384,15.94,60.692
2021-11-10 14:16:05,376,15.94,60.692
2021-11-10 15:13:28,376,15.94,60.692
2021-11-10 21:23:21,376,12.06,53.708
2021-11-10 22:04:37,376,12.06,53.708
2021-11-10 23:42:48,384,12.06,53.708
2021-11-10 23:43:10,184,12.06,53.708
2021-11-11 04:15:03,400,5.76,42.368
2021-11-11 04:33:22,400,5.76,42.368
2021-11-11 08:32:12,416,4.75,40.55
2021-11-11 08:33:42,408,4.75,40.55
2021-11-11 08:34:58,400,4.75,40.55
2021-11-11 14:45:38,416,13.02,55.436
2021-11-11 15:01:31,432,13.02,55.436
2021-11-11 22:41:10,416,10.32,50.576
2021-11-12 03:42:23,416,10.5,50.900000000000006
2021-11-12 04:48:26,416,10.5,50.900000000000006
2021-11-12 06:39:30,416,10.5,50.900000000000006
2021-11-12 08:41:22,432,12.23,54.014
2021-11-12 08:42:08,440,12.23,54.014
2021-11-12 08:48:19,416,12.23,54.014
2021-11-12 13:02:23,384,16.37,61.466
2021-11-12 13:54:08,456,16.37,61.466
2021-11-12 21:13:42,424,15.83,60.494
2021-11-12 21:39:54,432,15.83,60.494
2021-11-12 22:13:27,424,15.83,60.494
2021-11-13 01:41:19,456,9.43,48.974
2021-11-13 01:42:16,368,9.43,48.974
2021-11-13 04:08:03,456,9.43,48.974
2021-11-13 06:03:27,400,9.43,48.974
2021-11-14 02:59:08,416,2.31,36.158
2021-11-14 08:04:00,488,1.07,33.926
2021-11-14 09:14:40,432,1.07,33.926
2021-11-15 08:44:52,512,2.61,36.698
2021-11-15 09:26:07,272,2.61,36.698
2021-11-15 09:26:45,640,2.61,36.698
2021-11-15 13:23:55,592,7.62,45.716
2021-11-15 14:36:11,576,7.62,45.716
2021-11-15 16:21:58,616,7.62,45.716
2021-11-15 20:40:02,584,4.58,40.244
2021-11-15 21:20:15,648,4.58,40.244
2021-11-15 21:41:29,552,4.58,40.244
2021-11-15 22:17:23,656,4.58,40.244
2021-11-15 22:18:05,656,4.58,40.244
2021-11-15 22:19:23,648,4.58,40.244
2021-11-15 23:18:25,664,4.58,40.244
2021-11-15 23:20:42,656,4.58,40.244
2021-11-16 02:07:19,680,1.58,34.844
2021-11-16 04:50:40,688,1.58,34.844
2021-11-16 04:51:13,680,1.58,34.844
2021-11-16 06:12:04,568,1.58,34.844
2021-11-16 09:18:46,584,0.09,32.162
2021-11-16 09:19:22,616,0.09,32.162
2021-11-16 09:30:01,592,0.09,32.162
2021-11-16 14:18:43,512,6.9,44.42
2021-11-16 14:19:33,624,6.9,44.42
2021-11-16 14:53:49,608,6.9,44.42
2021-11-16 16:13:04,592,6.9,44.42
2021-11-16 21:35:32,632,3.93,39.074
2021-11-16 21:47:44,624,3.93,39.074
2021-11-16 23:50:27,656,3.93,39.074
2021-11-17 00:45:27,656,3.93,39.074
2021-11-17 00:47:18,480,3.93,39.074
2021-11-17 00:48:17,592,3.93,39.074
2021-11-17 00:49:11,568,3.93,39.074
2021-11-17 07:06:45,672,1.24,34.232
2021-11-17 07:54:27,608,1.24,34.232
2021-11-17 09:18:09,600,1.24,34.232
2021-11-17 13:38:57,544,8.95,48.11
2021-11-17 14:01:45,624,8.95,48.11
2021-11-17 14:16:22,576,8.95,48.11
2021-11-17 16:15:24,576,8.95,48.11
2021-11-17 21:17:12,552,4.98,40.964
2021-11-17 21:28:32,536,4.98,40.964
2021-11-17 23:42:41,552,4.98,40.964
2021-11-18 03:39:37,624,11.98,53.564
2021-11-18 03:40:20,624,11.98,53.564
2021-11-18 07:08:55,536,13.98,57.164
2021-11-18 08:24:09,528,13.98,57.164
2021-11-18 08:27:25,528,13.98,57.164
2021-11-18 09:11:43,576,13.98,57.164
2021-11-18 09:17:42,512,13.98,57.164
2021-11-18 09:57:07,600,13.98,57.164
2021-11-18 14:29:37,584,21.35,70.43
2021-11-18 14:30:12,584,21.35,70.43
2021-11-18 16:15:06,528,21.35,70.43
2021-11-18 19:28:44,568,15.02,59.036
2021-11-18 19:29:18,576,15.02,59.036
2021-11-18 20:44:39,584,15.02,59.036
2021-11-18 21:25:03,576,15.02,59.036
2021-11-18 23:41:41,584,15.02,59.036
2021-11-19 01:36:37,600,10.34,50.612
2021-11-19 06:05:56,632,10.34,50.612
2021-11-19 07:15:51,632,2.83,37.094
2021-11-19 10:30:32,648,2.83,37.094
2021-11-19 10:41:18,640,2.83,37.094
2021-11-19 14:24:53,664,4.77,40.586
2021-11-19 14:25:36,656,4.77,40.586
2021-11-19 20:41:41,680,2.02,35.636
2021-11-19 20:42:18,664,2.02,35.636
2021-11-19 20:42:54,672,2.02,35.636
2021-11-19 21:16:15,664,2.02,35.636
2021-11-19 21:16:39,192,2.02,35.636
2021-11-19 23:41:47,680,2.02,35.636
2021-11-20 06:16:03,712,-1.92,28.544
2021-11-20 14:01:07,712,8.61,47.498
2021-11-20 18:25:29,680,8.61,47.498
2021-11-21 06:09:15,688,2.76,36.968
2021-11-21 06:09:59,688,2.76,36.968
2021-11-21 06:10:44,680,2.76,36.968
2021-11-21 11:50:05,672,5.44,41.792
2021-11-21 15:19:24,664,12.16,53.888000000000005
2021-11-22 06:17:42,640,12.81,55.058
2021-11-22 13:33:40,672,12.01,53.618
2021-11-22 13:50:25,688,12.01,53.618
2021-11-22 14:08:10,648,12.01,53.618
2021-11-22 14:10:14,640,12.01,53.618
2021-11-22 15:07:25,640,12.01,53.618
2021-11-22 16:15:04,616,12.01,53.618
2021-11-22 21:24:51,656,4.19,39.542
2021-11-22 22:04:34,672,4.19,39.542
2021-11-22 23:43:12,688,4.19,39.542
2021-11-23 04:58:56,712,-0.81,30.542
2021-11-23 04:59:31,712,-0.81,30.542
2021-11-23 05:00:05,704,-0.81,30.542
2021-11-23 06:00:36,712,-0.81,30.542
2021-11-23 10:27:02,736,-3.84,25.088
2021-11-23 14:17:04,760,0.15,32.27
2021-11-23 14:17:53,752,0.15,32.27
2021-11-23 20:44:04,760,-4.56,23.792
2021-11-23 21:30:10,776,-4.56,23.792
2021-11-23 23:49:02,800,-4.56,23.792
2021-11-24 04:10:55,776,-7.17,19.094
2021-11-24 04:27:51,800,-7.17,19.094
2021-11-24 08:42:12,808,-7.35,18.77
2021-11-24 09:09:38,840,-7.35,18.77
2021-11-24 23:48:26,824,0.33,32.594
2021-11-25 15:28:29,784,12.02,53.636
2021-11-25 21:14:41,776,5.95,42.71
2021-11-25 23:26:39,768,5.95,42.71
2021-11-26 08:53:54,824,4.0,39.2
2021-11-28 14:22:10,816,1.21,34.178
2021-11-29 06:21:04,808,2.52,36.536
2021-11-29 08:10:06,816,-1.85,28.67
2021-11-29 14:36:39,848,0.77,33.386
2021-11-29 20:40:02,880,-3.42,25.844
2021-11-29 21:29:33,896,-3.42,25.844
2021-11-29 23:43:55,904,-3.42,25.844
2021-11-30 01:49:26,920,-6.57,20.174
2021-11-30 06:06:23,1008,-6.57,20.174
2021-11-30 06:07:04,984,-6.57,20.174
2021-11-30 06:58:51,1024,-6.57,20.174
2021-11-30 08:45:22,952,-7.32,18.824
2021-11-30 08:45:58,928,-7.32,18.824
2021-11-30 11:36:57,1072,-7.32,18.824
2021-11-30 14:14:22,960,3.78,38.804
2021-11-30 14:16:42,952,3.78,38.804
2021-11-30 21:19:28,936,1.3,34.34
2021-11-30 21:42:39,976,1.3,34.34
2021-11-30 23:44:10,1016,1.3,34.34
2021-12-01 03:40:51,1024,0.06,32.108
2021-12-01 03:41:25,1000,0.06,32.108
2021-12-01 03:41:59,992,0.06,32.108
2021-12-01 03:42:35,960,0.06,32.108
2021-12-01 06:58:39,984,0.06,32.108
2021-12-01 09:19:16,1032,-1.11,30.002
2021-12-01 09:27:19,1032,-1.11,30.002
2021-12-01 09:29:06,992,-1.11,30.002
2021-12-01 13:23:58,976,5.53,41.954
2021-12-01 14:18:24,968,5.53,41.954
2021-12-01 14:25:19,968,5.53,41.954
2021-12-01 16:18:22,944,5.53,41.954
2021-12-01 20:39:55,1120,3.78,38.804
2021-12-01 21:24:18,952,3.78,38.804
2021-12-01 23:15:49,960,3.78,38.804
2021-12-01 23:18:30,992,3.78,38.804
2021-12-02 03:37:12,1008,1.31,34.358
2021-12-02 03:37:57,1168,1.31,34.358
2021-12-02 08:45:32,1056,4.4,39.92
2021-12-02 08:46:09,1040,4.4,39.92
2021-12-02 10:43:53,1056,4.4,39.92
2021-12-02 14:40:25,1048,15.69,60.242
2021-12-02 14:45:08,1056,15.69,60.242
2021-12-02 14:46:06,1120,15.69,60.242
2021-12-02 14:47:11,1104,15.69,60.242
2021-12-02 19:21:08,1144,12.58,54.644000000000005
2021-12-02 19:21:52,1296,12.58,54.644000000000005
2021-12-02 19:22:28,1480,12.58,54.644000000000005
2021-12-02 19:25:57,1216,12.58,54.644000000000005
2021-12-02 19:47:45,1160,12.58,54.644000000000005
2021-12-02 21:21:22,1168,12.58,54.644000000000005
2021-12-02 23:12:13,1264,12.58,54.644000000000005
2021-12-02 23:14:28,1208,12.58,54.644000000000005
2021-12-03 00:38:48,1160,12.58,54.644000000000005
2021-12-03 06:02:52,1168,4.96,40.928
2021-12-03 06:04:14,1288,4.96,40.928
2021-12-03 08:55:09,1280,1.66,34.988
2021-12-03 08:55:47,1344,1.66,34.988
2021-12-03 08:56:23,1240,1.66,34.988
2021-12-03 08:56:59,1208,1.66,34.988
2021-12-03 08:58:33,1288,1.66,34.988
2021-12-03 08:59:11,1424,1.66,34.988
2021-12-03 14:28:50,1232,1.81,35.258
2021-12-03 16:15:50,1224,1.81,35.258
2021-12-03 16:16:27,1248,1.81,35.258
2021-12-03 16:17:38,1176,1.81,35.258
2021-12-03 20:59:34,1256,-0.39,31.298
2021-12-03 21:46:42,1648,-0.39,31.298
2021-12-03 23:29:35,1680,-0.39,31.298
2021-12-04 04:28:20,1400,-2.38,27.716
2021-12-04 06:08:13,1408,-2.38,27.716
2021-12-05 06:22:33,1360,1.53,34.754
2021-12-05 06:23:23,1336,1.53,34.754
2021-12-05 06:24:01,1288,1.53,34.754
2021-12-05 12:23:57,1328,2.79,37.022
2021-12-06 02:01:03,1440,3.44,38.192
2021-12-06 06:47:24,1376,3.44,38.192
2021-12-06 06:48:06,1336,3.44,38.192
2021-12-06 10:44:52,1328,6.91,44.438
2021-12-06 11:50:44,1392,6.91,44.438
2021-12-06 13:29:55,1424,16.32,61.376000000000005
2021-12-06 14:06:56,1488,16.32,61.376000000000005
2021-12-06 16:15:46,1480,16.32,61.376000000000005
2021-12-06 20:40:50,1392,16.28,61.304
2021-12-06 23:39:12,1424,16.28,61.304
2021-12-06 23:41:08,1344,16.28,61.304
2021-12-07 05:00:36,1384,2.53,36.554
2021-12-07 05:02:09,1344,2.53,36.554
2021-12-07 05:29:31,1320,2.53,36.554
2021-12-07 05:30:21,1392,2.53,36.554
2021-12-07 06:12:12,1600,2.53,36.554
2021-12-07 06:12:47,1568,2.53,36.554
2021-12-07 06:14:06,1552,2.53,36.554
2021-12-07 08:42:42,1504,0.81,33.458
2021-12-07 08:43:17,1472,0.81,33.458
2021-12-07 08:44:46,1488,0.81,33.458
2021-12-07 13:13:55,1528,3.53,38.354
2021-12-07 13:14:43,1592,3.53,38.354
2021-12-07 14:30:25,1568,3.53,38.354
2021-12-07 20:40:36,1592,1.62,34.916
2021-12-07 21:29:37,1528,1.62,34.916
2021-12-07 21:39:51,1568,1.62,34.916
2021-12-07 21:54:45,1576,1.62,34.916
2021-12-07 23:44:51,1624,1.62,34.916
2021-12-08 01:23:00,176,-0.75,30.65
2021-12-08 01:23:45,200,-0.75,30.65
2021-12-08 09:10:41,1576,1.6,34.88
2021-12-08 09:13:12,1512,1.6,34.88
2021-12-08 09:13:47,1456,1.6,34.88
2021-12-08 09:16:51,1640,1.6,34.88
2021-12-08 09:18:24,1712,1.6,34.88
2021-12-08 09:19:45,1664,1.6,34.88
2021-12-08 10:37:36,1712,1.6,34.88
2021-12-08 12:33:25,1696,1.6,34.88
2021-12-08 12:34:14,1624,1.6,34.88
2021-12-08 12:34:49,1520,1.6,34.88
2021-12-08 12:36:33,1504,1.6,34.88
2021-12-08 14:42:46,464,0.46,32.828
2021-12-08 16:15:23,472,0.46,32.828
2021-12-08 16:16:38,464,0.46,32.828
2021-12-08 21:15:49,488,-3.39,25.898
2021-12-08 22:52:25,488,-3.39,25.898
2021-12-08 22:54:37,488,-3.39,25.898
2021-12-08 23:46:20,488,-3.39,25.898
2021-12-09 02:36:17,488,-7.84,17.887999999999998
2021-12-09 07:06:48,504,-4.59,23.738
2021-12-09 10:55:20,504,-4.59,23.738
2021-12-09 14:07:44,480,0.08,32.144
2021-12-09 21:22:48,488,-2.0,28.4
2021-12-09 22:06:53,480,-2.0,28.4
2021-12-09 23:44:52,488,-2.0,28.4
2021-12-10 02:39:37,504,-0.43,31.226
2021-12-10 05:02:11,504,-0.43,31.226
2021-12-10 12:43:15,480,1.89,35.402
2021-12-10 13:17:46,472,4.33,39.794
2021-12-10 14:24:54,464,4.33,39.794
2021-12-10 20:43:28,456,2.71,36.878
2021-12-10 21:31:29,456,2.71,36.878
2021-12-10 22:51:08,456,2.71,36.878
2021-12-10 23:46:48,464,2.71,36.878
2021-12-11 05:25:59,464,0.36,32.648
2021-12-11 06:22:45,464,0.36,32.648
2021-12-12 06:19:02,392,13.29,55.922
2021-12-13 06:52:15,432,0.88,33.584
2021-12-13 10:53:42,424,2.6,36.68
2021-12-13 14:06:23,408,8.33,46.994
2021-12-13 14:34:44,400,8.33,46.994
2021-12-13 16:20:44,400,8.33,46.994
2021-12-13 20:41:33,392,6.68,44.024
2021-12-13 21:41:56,424,6.68,44.024
2021-12-13 23:17:05,392,6.68,44.024
2021-12-13 23:44:18,392,6.68,44.024
2021-12-14 04:51:43,432,5.84,42.512
2021-12-14 05:50:55,400,5.84,42.512
2021-12-14 09:23:38,464,4.22,39.596
2021-12-14 10:49:55,408,4.22,39.596
2021-12-14 10:53:07,472,4.22,39.596
2021-12-14 20:41:21,440,3.71,38.678
2021-12-14 21:28:53,424,3.71,38.678
2021-12-14 23:44:13,432,3.71,38.678
2021-12-15 05:34:44,216,0.19,32.342
2021-12-15 07:04:58,464,0.44,32.792
2021-12-15 09:55:57,472,0.44,32.792
2021-12-15 10:52:38,520,0.44,32.792
2021-12-15 10:54:40,456,0.44,32.792
2021-12-15 10:55:15,464,0.44,32.792
2021-12-15 14:31:55,456,5.86,42.548
2021-12-15 14:32:33,448,5.86,42.548
2021-12-15 14:33:32,440,5.86,42.548
2021-12-15 21:36:04,544,2.68,36.824
2021-12-15 21:48:44,552,2.68,36.824
2021-12-15 23:44:34,592,2.68,36.824
2021-12-16 05:42:43,192,6.07,42.926
2021-12-16 07:04:26,544,13.16,55.688
2021-12-16 09:21:32,568,13.16,55.688
2021-12-16 09:22:09,544,13.16,55.688
2021-12-16 14:32:15,568,14.81,58.658
2021-12-16 20:41:49,576,13.82,56.876000000000005
2021-12-16 21:09:28,584,13.82,56.876000000000005
2021-12-16 23:43:07,592,13.82,56.876000000000005
2021-12-16 23:45:16,576,13.82,56.876000000000005
2021-12-17 05:58:29,576,12.7,54.86
2021-12-17 07:24:48,560,13.72,56.696
2021-12-17 20:51:49,560,10.69,51.242
2021-12-17 21:03:13,624,10.69,51.242
2021-12-17 23:47:15,576,10.69,51.242
2021-12-18 06:34:17,200,4.2,39.56
2021-12-18 06:35:05,672,4.2,39.56
2021-12-18 06:35:40,656,4.2,39.56
2021-12-18 06:36:22,656,4.2,39.56
2021-12-18 07:56:16,600,1.27,34.286
2022-01-19 14:41:23,496,2.78,37.004
2022-01-19 14:42:09,480,2.78,37.004
2022-01-19 23:46:26,464,3.6,38.48
2022-01-20 08:51:47,464,0.55,32.99
2022-01-20 21:16:49,504,-5.48,22.136
2022-01-20 21:40:24,504,-5.48,22.136
2022-01-20 23:44:04,528,-5.48,22.136
2022-01-21 03:22:32,592,-14.74,5.468
2022-01-21 14:21:35,688,-12.14,10.148
2022-01-21 20:47:13,664,-11.11,12.002
2022-01-21 21:05:33,648,-11.11,12.002
2022-01-21 23:18:50,648,-11.11,12.002
2022-01-21 23:45:07,640,-11.11,12.002
2022-01-24 08:08:18,544,-8.06,17.491999999999997
2022-01-24 08:09:01,528,-8.06,17.491999999999997
2022-01-24 09:06:10,544,-8.06,17.491999999999997
2022-01-24 14:20:08,552,-3.52,25.664
2022-01-24 16:14:53,536,-3.52,25.664
2022-01-24 20:39:28,536,-3.86,25.052
2022-01-24 21:18:03,528,-3.86,25.052
2022-01-24 23:46:14,520,-3.86,25.052
2022-01-25 07:15:54,512,1.26,34.268
2022-01-25 10:12:59,496,1.26,34.268
2022-01-25 10:25:11,504,1.26,34.268
2022-01-25 14:08:06,600,1.52,34.736
2022-01-25 14:08:59,520,1.52,34.736
2022-01-25 14:15:59,512,1.52,34.736
2022-01-25 14:16:38,472,1.52,34.736
2022-01-25 14:17:14,456,1.52,34.736
2022-01-25 20:00:18,504,-2.22,28.004
2022-01-25 21:09:35,536,-2.22,28.004
2022-01-25 21:34:57,560,-2.22,28.004
2022-01-25 23:44:20,528,-2.22,28.004
2022-01-26 01:05:09,536,-7.52,18.464
2022-01-26 06:57:06,576,-7.52,18.464
2022-01-26 06:58:05,520,-7.52,18.464
2022-01-26 07:03:43,512,-11.41,11.462
2022-01-26 10:42:03,568,-11.41,11.462
2022-01-26 11:38:20,568,-11.41,11.462
2022-01-26 11:39:04,704,-11.41,11.462
2022-01-26 12:55:51,576,-11.41,11.462
2022-01-26 12:57:31,552,-11.41,11.462
2022-01-26 12:58:23,536,-11.41,11.462
2022-01-26 14:35:40,560,-8.52,16.664
2022-01-26 20:40:03,608,-13.14,8.347999999999999
2022-01-26 21:17:49,632,-13.14,8.347999999999999
2022-01-26 23:41:01,632,-13.14,8.347999999999999
2022-01-27 07:01:24,696,-16.87,1.6339999999999968
2022-01-27 10:31:09,672,-16.87,1.6339999999999968
2022-01-27 10:32:23,688,-16.87,1.6339999999999968
2022-01-27 10:48:11,640,-16.87,1.6339999999999968
2022-01-27 14:35:03,624,-9.01,15.782
2022-01-27 15:03:52,608,-9.01,15.782
2022-01-27 15:05:32,616,-9.01,15.782
2022-01-27 20:38:58,656,-7.4,18.68
2022-01-27 20:40:51,608,-7.4,18.68
2022-01-27 21:35:24,592,-7.4,18.68
2022-01-27 23:44:48,696,-7.4,18.68
2022-01-28 07:50:03,688,-3.91,24.962
2022-01-28 07:50:44,712,-3.91,24.962
2022-01-28 07:56:26,800,-3.91,24.962
2022-01-28 07:57:48,800,-3.91,24.962
2022-01-28 07:59:15,784,-3.91,24.962
2022-01-28 08:00:12,776,-3.91,24.962
2022-01-28 08:27:53,768,-3.91,24.962
2022-01-28 13:26:29,216,1.71,35.078
2022-01-28 13:27:26,208,1.71,35.078
2022-01-28 13:37:46,768,1.71,35.078
2022-01-28 13:38:22,640,1.71,35.078
2022-01-28 13:38:55,584,1.71,35.078
2022-01-28 13:39:30,600,1.71,35.078
2022-01-28 13:40:07,664,1.71,35.078
2022-01-28 13:40:51,720,1.71,35.078
2022-01-28 13:41:30,632,1.71,35.078
2022-01-28 13:42:16,656,1.71,35.078
2022-01-28 14:16:17,688,1.71,35.078
2022-01-28 20:58:26,600,-0.73,30.686
2022-01-28 22:33:04,784,-0.73,30.686
2022-01-28 23:18:00,768,-0.73,30.686
2022-01-28 23:45:29,808,-0.73,30.686
2022-01-28 23:46:08,760,-0.73,30.686
2022-01-28 23:47:08,816,-0.73,30.686
2022-01-28 23:48:26,792,-0.73,30.686
2022-01-29 01:12:33,776,-6.72,19.904
2022-01-29 06:10:23,800,-6.72,19.904
2022-01-30 00:37:40,848,-18.24,-0.8320000000000007
2022-01-30 05:29:13,1024,-18.82,-1.8760000000000048
2022-01-30 09:10:12,984,-19.6,-3.280000000000001
2022-01-30 09:11:24,1080,-19.6,-3.280000000000001
2022-01-30 09:12:00,1000,-19.6,-3.280000000000001
2022-01-30 11:17:07,984,-19.6,-3.280000000000001
2022-01-30 11:43:26,880,-19.6,-3.280000000000001
2022-01-31 13:29:10,688,-3.74,25.268
2022-01-31 14:27:59,664,-3.74,25.268
2022-01-31 14:31:59,640,-3.74,25.268
2022-01-31 14:32:35,616,-3.74,25.268
2022-01-31 14:33:36,600,-3.74,25.268
2022-01-31 16:09:47,608,-3.74,25.268
2022-01-31 20:45:02,608,-4.96,23.072
2022-01-31 21:21:00,600,-4.96,23.072
2022-01-31 23:46:52,600,-4.96,23.072
2022-02-01 07:09:49,648,-14.91,5.161999999999999
2022-02-01 07:12:44,624,-14.91,5.161999999999999
2022-02-01 07:19:51,624,-14.91,5.161999999999999
2022-02-01 07:25:07,608,-14.91,5.161999999999999
2022-02-01 21:07:05,552,-1.48,29.336
2022-02-01 21:50:34,544,-1.48,29.336
2022-02-01 23:47:33,536,-1.48,29.336
2022-02-02 07:52:28,536,0.66,33.188
2022-02-02 07:53:09,528,0.66,33.188
2022-02-02 07:53:50,512,0.66,33.188
2022-02-02 08:57:24,512,0.66,33.188
2022-02-02 09:53:20,504,0.66,33.188
2022-02-02 11:39:29,496,0.66,33.188
2022-02-02 11:40:09,488,0.66,33.188
2022-02-02 21:06:10,480,5.52,41.936
2022-02-02 23:44:21,480,5.52,41.936
2022-02-03 07:41:27,464,3.92,39.056
2022-02-03 07:42:03,464,3.92,39.056
2022-02-03 07:42:51,448,3.92,39.056
2022-02-03 13:34:48,440,8.78,47.804
2022-02-03 14:05:09,432,8.78,47.804
2022-02-03 23:48:40,448,5.17,41.306
2022-02-04 05:53:41,472,6.7,44.06
2022-02-04 07:00:46,472,-2.14,28.148
2022-02-04 14:41:13,520,-8.11,17.402
2022-02-04 18:40:26,544,-8.11,17.402
2022-02-04 23:41:48,560,-8.78,16.196
2022-02-05 02:37:43,568,-9.59,14.738
2022-02-05 11:00:46,600,-11.16,11.912
2022-02-05 21:13:45,624,-12.9,8.779999999999998
2022-02-06 13:09:18,672,-6.1,21.02
2022-02-06 15:39:44,648,-6.1,21.02
2022-02-07 06:54:04,648,-7.15,19.13
2022-02-07 11:25:29,584,-3.13,26.366
2022-02-07 13:01:58,584,4.25,39.65
2022-02-07 13:03:29,584,4.25,39.65
2022-02-07 14:16:23,560,4.25,39.65
2022-02-07 20:43:16,536,1.42,34.556
2022-02-07 21:24:50,512,1.42,34.556
2022-02-07 21:55:25,520,1.42,34.556
2022-02-07 23:51:01,536,1.42,34.556
2022-02-08 06:12:46,512,2.97,37.346
2022-02-08 07:13:49,568,-0.6599999999999999,30.812
2022-02-08 09:08:01,576,-0.6599999999999999,30.812
2022-02-08 10:47:33,544,-0.6599999999999999,30.812
2022-02-08 11:07:37,528,-0.6599999999999999,30.812
2022-02-08 13:17:23,528,1.36,34.448
2022-02-08 14:37:40,536,1.36,34.448
2022-02-08 16:08:02,488,1.36,34.448
2022-02-08 20:41:20,480,0.91,33.638
2022-02-08 21:56:15,496,0.91,33.638
2022-02-08 22:13:55,552,0.91,33.638
2022-02-08 23:18:31,576,0.91,33.638
2022-02-09 07:01:01,600,-4.43,24.026
2022-02-09 07:10:18,544,-4.43,24.026
2022-02-09 08:55:52,592,-4.43,24.026
2022-02-09 14:52:54,504,4.13,39.434
2022-02-09 20:40:34,552,0.23,32.414
2022-02-09 21:44:48,600,0.23,32.414
2022-02-09 21:45:57,664,0.23,32.414
2022-02-09 21:47:02,504,0.23,32.414
2022-02-09 22:00:19,512,0.23,32.414
2022-02-09 23:43:07,568,0.23,32.414
2022-02-10 04:06:44,520,-0.85,30.47
2022-02-10 07:12:16,544,2.39,36.302
2022-02-10 08:53:05,624,2.39,36.302
2022-02-10 11:33:30,512,2.39,36.302
2022-02-10 14:18:03,512,11.06,51.908
2022-02-10 21:37:43,640,6.23,43.214
2022-02-10 23:29:55,624,6.23,43.214
2022-02-11 04:48:43,616,0.81,33.458
2022-02-11 07:12:16,568,-0.4399999999999999,31.208
2022-02-11 10:02:08,600,-0.4399999999999999,31.208
2022-02-11 10:02:44,680,-0.4399999999999999,31.208
2022-02-11 10:03:21,592,-0.4399999999999999,31.208
2022-02-11 10:03:55,616,-0.4399999999999999,31.208
2022-02-11 10:04:44,704,-0.4399999999999999,31.208
2022-02-11 21:09:13,648,6.4,43.52
2022-02-11 23:47:21,608,6.4,43.52
2022-02-12 01:14:25,688,5.38,41.684
2022-02-12 06:14:09,680,5.38,41.684
2022-02-12 13:29:51,648,16.04,60.872
2022-02-12 13:30:30,568,16.04,60.872
2022-02-13 08:10:27,624,-1.4,29.48
2022-02-13 10:45:08,616,-1.4,29.48
2022-02-14 00:46:28,688,-7.39,18.698
2022-02-14 16:04:18,784,-12.02,10.364
2022-02-14 23:49:04,792,-14.25,6.349999999999998
2022-02-14 23:51:56,784,-14.25,6.349999999999998
2022-02-15 01:01:57,840,-16.49,2.3180000000000014
2022-02-15 01:02:51,864,-16.49,2.3180000000000014
2022-02-15 01:05:28,736,-16.49,2.3180000000000014
2022-02-15 01:07:06,800,-16.49,2.3180000000000014
2022-02-15 01:07:53,784,-16.49,2.3180000000000014
2022-02-15 01:08:32,776,-16.49,2.3180000000000014
2022-02-15 01:08:59,216,-16.49,2.3180000000000014
2022-02-15 01:09:40,760,-16.49,2.3180000000000014
2022-02-15 04:07:42,832,-16.49,2.3180000000000014
2022-02-15 07:14:45,824,-17.34,0.7880000000000003
2022-02-15 09:44:52,864,-17.34,0.7880000000000003
2022-02-15 09:45:26,840,-17.34,0.7880000000000003
2022-02-15 09:46:01,832,-17.34,0.7880000000000003
2022-02-15 09:47:00,848,-17.34,0.7880000000000003
2022-02-15 11:28:11,912,-17.34,0.7880000000000003
2022-02-15 11:29:05,888,-17.34,0.7880000000000003
2022-02-15 15:45:50,888,-7.37,18.734
2022-02-15 21:08:42,848,-7.24,18.968
2022-02-15 22:17:24,856,-7.24,18.968
2022-02-15 22:23:39,848,-7.24,18.968
2022-02-15 23:33:56,240,-7.24,18.968
2022-02-15 23:43:26,832,-7.24,18.968
2022-02-16 04:16:23,872,-6.45,20.39
2022-02-16 04:17:15,856,-6.45,20.39
2022-02-16 07:12:10,880,-11.9,10.579999999999998
2022-02-16 07:17:34,856,-11.9,10.579999999999998
2022-02-16 10:09:29,848,-11.9,10.579999999999998
2022-02-16 10:10:02,776,-11.9,10.579999999999998
2022-02-16 10:11:12,768,-11.9,10.579999999999998
2022-02-16 10:11:47,760,-11.9,10.579999999999998
2022-02-16 10:13:48,768,-11.9,10.579999999999998
2022-02-16 10:14:35,784,-11.9,10.579999999999998
2022-02-16 10:15:17,768,-11.9,10.579999999999998
2022-02-16 10:16:01,776,-11.9,10.579999999999998
2022-02-16 10:16:36,776,-11.9,10.579999999999998
2022-02-16 10:17:16,808,-11.9,10.579999999999998
2022-02-16 10:17:54,808,-11.9,10.579999999999998
2022-02-16 10:19:38,848,-11.9,10.579999999999998
2022-02-16 10:20:12,808,-11.9,10.579999999999998
2022-02-16 10:20:47,816,-11.9,10.579999999999998
2022-02-16 10:21:21,792,-11.9,10.579999999999998
2022-02-16 10:22:31,800,-11.9,10.579999999999998
2022-02-16 11:54:52,808,-11.9,10.579999999999998
2022-02-16 14:13:53,840,-0.56,30.992
2022-02-16 16:31:03,816,-0.56,30.992
2022-02-16 21:01:46,808,2.18,35.924
2022-02-16 21:05:12,816,2.18,35.924
2022-02-16 21:07:14,824,2.18,35.924
2022-02-16 22:20:38,840,2.18,35.924
2022-02-16 22:48:38,824,2.18,35.924
2022-02-16 23:45:21,856,2.18,35.924
2022-02-17 04:07:08,824,4.84,40.712
2022-02-17 04:08:12,808,4.84,40.712
2022-02-17 04:09:07,816,4.84,40.712
2022-02-17 07:15:50,808,7.74,45.932
2022-02-17 14:50:29,792,15.87,60.566
2022-02-17 17:14:33,800,15.87,60.566
2022-02-17 21:16:48,800,14.35,57.83
2022-02-17 21:22:47,800,14.35,57.83
2022-02-17 21:42:32,824,14.35,57.83
2022-02-17 21:53:09,808,14.35,57.83
2022-02-17 22:50:01,824,14.35,57.83
2022-02-17 23:32:15,824,14.35,57.83
2022-02-17 23:33:59,880,14.35,57.83
2022-02-18 05:12:25,856,14.72,58.496
2022-02-18 07:06:04,864,16.52,61.736
2022-02-18 07:39:10,856,16.52,61.736
2022-02-18 14:09:37,872,1.7,35.06
2022-02-18 21:24:13,920,-4.54,23.828
2022-02-18 21:25:05,872,-4.54,23.828
2022-02-18 21:34:54,896,-4.54,23.828
2022-02-18 22:21:30,880,-4.54,23.828
2022-02-18 23:42:02,896,-4.54,23.828
2022-02-19 13:59:17,944,-0.14,31.748
2022-02-19 15:51:09,904,-0.14,31.748
2022-02-20 11:20:10,1008,-14.09,6.637999999999998
2022-02-20 20:13:07,920,-5.22,22.604
2022-02-21 06:25:18,936,-4.82,23.324
2022-02-21 06:26:06,912,-4.82,23.324
2022-02-22 06:01:28,920,2.11,35.798
2022-02-22 06:02:16,1096,2.11,35.798
2022-02-22 06:03:02,968,2.11,35.798
2022-02-22 07:17:27,976,1.71,35.078
2022-02-22 07:18:00,952,1.71,35.078
2022-02-22 21:23:54,1184,10.48,50.864
2022-02-22 21:24:31,1024,10.48,50.864
2022-02-22 21:25:34,920,10.48,50.864
2022-02-22 21:34:54,928,10.48,50.864
2022-02-22 22:20:23,912,10.48,50.864
2022-02-22 22:25:32,960,10.48,50.864
2022-02-22 23:38:10,976,10.48,50.864
2022-02-23 07:12:32,952,13.78,56.804
2022-02-23 12:15:45,912,13.78,56.804
2022-02-23 12:16:19,904,13.78,56.804
2022-02-23 12:17:01,928,13.78,56.804
2022-02-23 13:17:56,936,20.25,68.45
2022-02-23 14:15:58,952,20.25,68.45
2022-02-23 16:17:17,976,20.25,68.45
2022-02-23 19:34:00,1032,2.9,37.22
2022-02-23 20:40:53,1040,2.9,37.22
2022-02-23 21:10:30,1000,2.9,37.22
2022-02-23 22:01:39,1032,2.9,37.22
2022-02-23 22:37:07,1040,2.9,37.22
2022-02-24 07:06:06,1072,-10.22,13.604
2022-02-24 09:00:54,1032,-10.22,13.604
2022-02-24 10:38:32,1016,-10.22,13.604
2022-02-24 14:31:31,1048,-5.44,22.208
2022-02-24 14:31:57,744,-5.44,22.208
2022-02-24 14:32:33,1032,-5.44,22.208
2022-02-24 14:33:07,1072,-5.44,22.208
2022-02-24 14:33:41,1056,-5.44,22.208
2022-02-24 14:34:16,1048,-5.44,22.208
2022-02-24 15:19:33,1072,-5.44,22.208
2022-02-24 16:09:44,1024,-5.44,22.208
2022-02-24 21:18:44,1072,-1.75,28.85
2022-02-24 21:39:40,1072,-1.75,28.85
2022-02-24 21:45:06,1072,-1.75,28.85
2022-02-24 22:32:24,1072,-1.75,28.85
2022-02-24 22:40:11,1056,-1.75,28.85
2022-02-24 23:41:22,1080,-1.75,28.85
2022-02-25 02:11:20,1024,-3.15,26.33
2022-02-25 03:29:09,216,-3.15,26.33
2022-02-25 03:29:58,1024,-3.15,26.33
2022-02-25 04:50:14,1008,-3.15,26.33
2022-02-25 04:50:59,976,-3.15,26.33
2022-02-25 04:51:34,1016,-3.15,26.33
2022-02-25 04:52:23,1040,-3.15,26.33
2022-02-25 05:10:52,1040,-3.15,26.33
2022-02-25 23:38:18,1104,-12.07,10.273999999999996
2022-02-26 02:52:57,1056,-12.3,9.86
2022-02-26 06:29:46,1096,-12.3,9.86
2022-02-26 06:30:22,1056,-12.3,9.86
2022-02-26 08:41:10,1056,-15.0,5.0
2022-02-26 09:51:37,1064,-15.0,5.0
2022-02-26 11:39:28,1064,-15.0,5.0
2022-02-26 17:32:11,1016,-2.1,28.22
2022-02-27 09:31:14,1024,-9.93,14.126
2022-02-27 09:35:47,1064,-9.93,14.126
2022-02-28 07:03:37,1088,-13.01,8.582
2022-02-28 14:25:40,1088,-8.38,16.915999999999997
2022-02-28 14:26:13,1072,-8.38,16.915999999999997
2022-02-28 14:26:55,1024,-8.38,16.915999999999997
2022-02-28 14:27:34,1032,-8.38,16.915999999999997
2022-02-28 14:49:53,1008,-8.38,16.915999999999997
2022-02-28 16:08:35,1008,-8.38,16.915999999999997
2022-02-28 20:44:38,1032,-7.54,18.428
2022-02-28 21:32:59,1064,-7.54,18.428
2022-02-28 21:43:18,1096,-7.54,18.428
2022-02-28 21:50:10,1104,-7.54,18.428
2022-02-28 21:57:54,1088,-7.54,18.428
2022-02-28 22:42:10,1088,-7.54,18.428
2022-02-28 23:47:32,1104,-7.54,18.428
2022-03-01 04:09:45,1168,-6.47,20.354
2022-03-01 05:25:09,1144,-6.47,20.354
2022-03-01 12:46:24,1168,-8.6,16.52
2022-03-01 12:47:00,1112,-8.6,16.52
2022-03-01 12:47:52,1128,-8.6,16.52
2022-03-01 12:48:29,1064,-8.6,16.52
2022-03-01 12:49:13,1040,-8.6,16.52
2022-03-01 12:50:18,1232,-8.6,16.52
2022-03-01 12:51:02,1152,-8.6,16.52
2022-03-01 12:52:13,1096,-8.6,16.52
2022-03-01 14:32:43,1160,0.21,32.378
2022-03-01 21:33:14,1168,-1.36,29.552
2022-03-01 21:50:39,1168,-1.36,29.552
2022-03-01 22:42:29,1216,-1.36,29.552
2022-03-01 23:34:58,1208,-1.36,29.552
2022-03-02 07:03:40,1208,1.87,35.366
2022-03-02 07:29:36,1144,1.87,35.366
2022-03-02 07:30:11,1104,1.87,35.366
2022-03-02 07:30:47,1136,1.87,35.366
2022-03-02 07:31:23,1152,1.87,35.366
2022-03-02 07:32:15,320,1.87,35.366
2022-03-02 07:33:28,1216,1.87,35.366
2022-03-02 07:34:02,1192,1.87,35.366
2022-03-02 07:34:56,1200,1.87,35.366
2022-03-02 13:59:21,1232,3.07,37.526
2022-03-02 14:00:06,1152,3.07,37.526
2022-03-02 14:21:27,1208,3.07,37.526
2022-03-02 14:22:38,1200,3.07,37.526
2022-03-02 14:23:18,1168,3.07,37.526
2022-03-02 14:24:00,1144,3.07,37.526
2022-03-02 20:53:33,1192,1.97,35.546
2022-03-02 21:18:03,1232,1.97,35.546
2022-03-02 21:30:39,1280,1.97,35.546
2022-03-02 22:31:51,1272,1.97,35.546
2022-03-02 22:40:24,1280,1.97,35.546
2022-03-02 23:31:07,1288,1.97,35.546
2022-03-03 06:14:42,1288,-0.88,30.416
2022-03-03 06:15:16,1248,-0.88,30.416
2022-03-03 07:07:35,1384,-1.4300000000000002,29.426
2022-03-03 07:08:11,1328,-1.4300000000000002,29.426
2022-03-03 07:09:01,1376,-1.4300000000000002,29.426
2022-03-03 12:43:20,1336,-1.4300000000000002,29.426
2022-03-03 19:36:11,496,-6.8,19.76
2022-03-03 22:15:03,512,-6.8,19.76
2022-03-03 23:48:34,512,-6.8,19.76
2022-03-04 06:07:03,560,-11.44,11.408
2022-03-04 07:04:52,568,-12.8,8.959999999999997
2022-03-04 14:09:52,528,-2.78,26.996
2022-03-04 14:11:52,520,-2.78,26.996
2022-03-04 15:22:22,504,-2.78,26.996
2022-03-04 20:42:35,488,-2.07,28.274
2022-03-04 22:07:39,488,-2.07,28.274
2022-03-04 22:31:35,488,-2.07,28.274
2022-03-04 23:51:04,488,-2.07,28.274
2022-03-05 06:14:01,504,-3.25,26.15
2022-03-05 13:52:23,216,3.14,37.652
2022-03-05 13:54:02,472,3.14,37.652
2022-03-07 07:00:11,384,11.61,52.898
2022-03-07 21:10:25,376,13.66,56.588
2022-03-07 23:00:57,376,13.66,56.588
2022-03-07 23:49:17,384,13.66,56.588
2022-03-08 20:41:07,448,2.64,36.752
2022-03-08 21:17:48,440,2.64,36.752
2022-03-08 23:41:29,440,2.64,36.752
2022-03-09 06:50:20,464,-1.27,29.714
2022-03-09 22:31:06,488,-1.83,28.706
2022-03-09 23:40:18,480,-1.83,28.706
2022-03-10 06:49:26,168,-1.3199999999999998,29.624
2022-03-10 06:50:10,192,-1.3199999999999998,29.624
2022-03-10 21:00:13,424,7.3,45.14
2022-03-10 23:37:01,424,7.3,45.14
2022-03-11 06:54:09,464,2.83,37.094
2022-03-11 20:40:34,432,5.08,41.144
2022-03-11 21:09:05,424,5.08,41.144
2022-03-11 23:30:19,432,5.08,41.144
2022-03-12 06:49:53,456,4.26,39.668
2022-03-14 06:38:22,488,-3.48,25.736
2022-03-14 06:43:29,480,-3.48,25.736
2022-03-14 20:36:31,408,8.92,48.056
2022-03-14 20:41:08,400,8.92,48.056
2022-03-14 21:09:00,400,8.92,48.056
2022-03-14 22:26:05,400,8.92,48.056
2022-03-14 23:41:58,400,8.92,48.056
2022-03-15 06:16:34,408,4.24,39.632
2022-03-15 06:58:23,408,4.24,39.632
2022-03-15 13:39:19,408,6.65,43.97
2022-03-15 14:16:40,408,16.05,60.89
2022-03-15 16:21:28,416,16.05,60.89
2022-03-15 20:47:06,416,5.23,41.414
2022-03-15 21:12:42,440,5.23,41.414
2022-03-15 21:27:38,440,5.23,41.414
2022-03-15 22:35:18,456,5.23,41.414
2022-03-15 23:36:40,448,5.23,41.414
2022-03-16 06:26:48,448,4.29,39.722
2022-03-16 06:52:57,448,4.29,39.722
2022-03-16 07:34:27,448,4.29,39.722
2022-03-16 07:35:08,496,4.29,39.722
2022-03-16 07:35:43,456,4.29,39.722
2022-03-16 07:36:19,432,4.29,39.722
2022-03-16 07:36:57,424,4.29,39.722
2022-03-16 07:37:48,424,4.29,39.722
2022-03-16 14:14:56,304,10.29,50.522
2022-03-16 14:15:47,424,10.29,50.522
2022-03-16 21:10:56,504,8.14,46.652
2022-03-16 22:29:25,464,8.14,46.652
2022-03-16 23:44:16,456,8.14,46.652
2022-03-17 06:16:45,424,4.48,40.064
2022-03-17 07:02:41,440,4.48,40.064
2022-03-17 13:12:35,456,3.93,39.074
2022-03-17 14:12:36,424,10.34,50.612
2022-03-17 14:54:49,472,10.34,50.612
2022-03-17 20:44:57,520,9.96,49.928
2022-03-17 21:35:55,504,9.96,49.928
2022-03-17 22:13:24,424,9.96,49.928
2022-03-17 22:26:04,520,9.96,49.928
2022-03-17 23:45:20,488,9.96,49.928
2022-03-18 02:32:59,416,9.81,49.658
2022-03-18 06:14:49,528,9.81,49.658
2022-03-18 12:41:07,520,10.56,51.008
2022-03-18 13:48:01,488,10.56,51.008
2022-03-18 13:48:35,480,10.56,51.008
2022-03-18 16:26:26,480,22.1,71.78
2022-03-18 20:41:29,408,18.29,64.922
2022-03-18 21:28:44,448,18.29,64.922
2022-03-18 22:53:49,528,18.29,64.922
2022-03-18 23:37:54,544,18.29,64.922
2022-03-18 23:49:46,520,18.29,64.922
2022-03-19 14:22:41,576,7.92,46.256
2022-03-19 14:23:41,608,7.92,46.256
2022-03-20 05:24:58,512,8.25,46.85
2022-03-20 09:14:24,504,8.18,46.724
2022-03-20 22:03:16,560,11.81,53.258
2022-03-21 06:21:42,616,4.39,39.902
2022-03-21 07:15:44,592,4.39,39.902
2022-03-21 12:47:40,616,4.49,40.082
2022-03-21 14:19:03,576,13.48,56.264
2022-03-21 16:11:31,528,13.48,56.264
2022-03-21 20:41:38,544,11.45,52.61
2022-03-21 21:21:01,648,11.45,52.61
2022-03-21 21:25:59,632,11.45,52.61
2022-03-21 21:33:39,632,11.45,52.61
2022-03-21 22:11:14,576,11.45,52.61
2022-03-21 22:35:57,568,11.45,52.61
2022-03-21 23:41:34,592,11.45,52.61
2022-03-22 05:07:28,592,4.25,39.65
2022-03-22 07:14:27,616,4.25,39.65
2022-03-22 10:24:17,664,-0.1999999999999999,31.64
2022-03-22 10:24:57,600,-0.1999999999999999,31.64
2022-03-22 10:33:09,600,-0.1999999999999999,31.64
2022-03-22 10:33:55,608,-0.1999999999999999,31.64
2022-03-22 10:34:31,616,-0.1999999999999999,31.64
2022-03-22 10:35:17,640,-0.1999999999999999,31.64
2022-03-22 14:15:52,552,6.88,44.384
2022-03-22 19:37:00,584,6.88,44.384
2022-03-22 20:42:25,600,4.33,39.794
2022-03-22 21:08:25,680,4.33,39.794
2022-03-22 21:13:49,624,4.33,39.794
2022-03-22 22:20:14,688,4.33,39.794
2022-03-22 22:21:16,688,4.33,39.794
2022-03-22 22:29:16,680,4.33,39.794
2022-03-22 23:45:32,688,4.33,39.794
2022-03-23 04:06:12,696,-0.2199999999999999,31.604
2022-03-23 08:00:54,728,-0.99,30.218
2022-03-23 11:48:07,744,-0.99,30.218
2022-03-23 12:52:48,728,-0.99,30.218
2022-03-23 13:44:05,728,-0.99,30.218
2022-03-23 14:20:45,712,4.91,40.838
2022-03-23 20:44:00,200,4.69,40.442
2022-03-23 21:02:39,720,4.69,40.442
2022-03-23 21:46:19,688,4.69,40.442
2022-03-23 21:52:20,704,4.69,40.442
2022-03-23 22:03:21,696,4.69,40.442
2022-03-23 22:57:52,616,4.69,40.442
2022-03-23 23:39:03,584,4.69,40.442
2022-03-24 01:59:58,528,4.69,40.442
2022-03-24 02:00:41,528,1.6800000000000002,35.024
2022-03-24 07:01:54,464,1.6800000000000002,35.024
2022-03-24 14:22:45,480,4.0,39.2
2022-03-24 20:56:17,512,4.17,39.506
2022-03-24 20:57:20,472,4.17,39.506
2022-03-24 21:17:41,456,4.17,39.506
2022-03-24 21:21:15,448,4.17,39.506
2022-03-24 22:35:24,456,4.17,39.506
2022-03-24 23:51:19,504,4.17,39.506
2022-03-25 00:05:09,472,4.17,39.506
2022-03-25 02:27:11,568,1.65,34.97
2022-03-25 10:43:10,456,2.61,36.698
2022-03-25 10:43:47,496,2.61,36.698
2022-03-25 10:44:46,448,2.61,36.698
2022-03-25 13:10:06,528,2.61,36.698
2022-03-25 13:59:37,496,2.61,36.698
2022-03-25 14:00:19,440,13.7,56.66
2022-03-25 14:01:09,520,13.7,56.66
2022-03-25 16:11:40,568,13.7,56.66
2022-03-25 20:47:05,480,12.86,55.148
2022-03-25 22:45:27,496,12.86,55.148
2022-03-25 23:47:12,480,12.86,55.148
2022-03-26 15:15:47,480,11.92,53.456
2022-03-26 16:42:36,616,11.92,53.456
2022-03-26 19:37:28,624,11.92,53.456
2022-03-27 04:42:01,392,3.88,38.984
2022-03-27 04:42:35,616,3.88,38.984
2022-03-28 07:51:39,696,-6.62,20.084
2022-03-28 07:52:14,744,-6.62,20.084
2022-03-28 07:52:49,736,-6.62,20.084
2022-03-28 08:40:59,760,-10.13,13.765999999999998
2022-03-28 14:08:52,784,-5.54,22.028
2022-03-28 14:23:26,672,-5.54,22.028
2022-03-28 20:40:44,648,-8.26,17.131999999999998
2022-03-28 20:54:57,768,-8.26,17.131999999999998
2022-03-28 21:25:10,648,-8.26,17.131999999999998
2022-03-28 21:44:50,656,-8.26,17.131999999999998
2022-03-28 22:29:27,720,-8.26,17.131999999999998
2022-03-28 23:48:20,648,-8.26,17.131999999999998
2022-03-29 05:00:56,680,-13.21,8.221999999999998
2022-03-29 05:01:37,736,-13.21,8.221999999999998
2022-03-29 06:28:00,720,-13.21,8.221999999999998
2022-03-29 07:41:11,816,-13.21,8.221999999999998
2022-03-29 13:18:59,776,-10.96,12.271999999999998
2022-03-29 14:22:34,696,-2.72,27.104
2022-03-29 20:42:10,704,-2.52,27.464
2022-03-29 21:35:55,760,-2.52,27.464
2022-03-29 21:38:09,688,-2.52,27.464
2022-03-29 21:49:47,704,-2.52,27.464
2022-03-29 22:12:16,704,-2.52,27.464
2022-03-29 22:33:34,728,-2.52,27.464
2022-03-29 23:42:57,712,-2.52,27.464
2022-03-30 04:01:09,728,-4.4,24.08
2022-03-30 09:09:29,736,-5.37,22.334
2022-03-30 13:38:29,752,-5.37,22.334
2022-03-30 13:39:03,840,-5.37,22.334
2022-03-30 13:41:10,760,-5.37,22.334
2022-03-30 13:41:55,752,-5.37,22.334
2022-03-30 13:42:36,720,-5.37,22.334
2022-03-30 14:03:23,752,6.64,43.952
2022-03-30 20:42:09,736,8.06,46.508
2022-03-30 21:10:16,736,8.06,46.508
2022-03-30 21:41:37,752,8.06,46.508
2022-03-30 22:31:04,760,8.06,46.508
2022-03-30 23:44:44,768,8.06,46.508
2022-03-31 04:13:06,776,2.68,36.824
2022-03-31 04:13:56,752,2.68,36.824
2022-03-31 04:14:44,736,2.68,36.824
2022-03-31 06:24:51,784,2.68,36.824
2022-03-31 08:30:15,776,5.63,42.134
2022-03-31 10:46:47,776,5.63,42.134
2022-03-31 13:02:33,888,5.63,42.134
2022-03-31 13:18:49,864,5.63,42.134
2022-03-31 13:19:33,744,5.63,42.134
2022-03-31 20:40:09,768,18.07,64.52600000000001
2022-03-31 21:12:32,800,18.07,64.52600000000001
2022-03-31 21:20:36,768,18.07,64.52600000000001
2022-03-31 21:31:22,776,18.07,64.52600000000001
2022-03-31 22:29:44,784,18.07,64.52600000000001
2022-03-31 23:44:39,768,18.07,64.52600000000001
2022-04-01 01:50:05,752,18.07,64.52600000000001
2022-04-01 01:50:05,752,18.07,64.52600000000001
2022-04-01 01:50:46,760,18.07,64.52600000000001
2022-04-01 01:50:46,760,18.07,64.52600000000001
2022-04-01 02:46:10,760,14.93,58.874
2022-04-01 02:46:10,760,14.93,58.874
2022-04-01 03:10:54,768,14.93,58.874
2022-04-01 03:10:54,768,14.93,58.874
2022-04-01 03:11:28,752,14.93,58.874
2022-04-01 03:11:28,752,14.93,58.874
2022-04-01 03:12:48,792,14.93,58.874
2022-04-01 03:12:48,792,14.93,58.874
2022-04-01 03:13:49,232,14.93,58.874
2022-04-01 03:13:49,232,14.93,58.874
2022-04-01 03:15:00,840,14.93,58.874
2022-04-01 03:15:00,840,14.93,58.874
2022-04-01 03:16:09,848,14.93,58.874
2022-04-01 03:16:09,848,14.93,58.874
2022-04-01 05:23:52,816,14.93,58.874
2022-04-01 05:23:52,816,14.93,58.874
2022-04-01 05:31:20,816,14.93,58.874
2022-04-01 05:31:20,816,14.93,58.874
2022-04-01 06:36:48,816,14.93,58.874
2022-04-01 06:36:48,816,14.93,58.874
2022-04-01 07:59:54,808,14.93,58.874
2022-04-01 07:59:54,808,14.93,58.874
2022-04-01 09:07:55,816,14.84,58.712
2022-04-01 09:07:55,816,14.84,58.712
2022-04-01 10:52:31,816,14.84,58.712
2022-04-01 10:52:31,816,14.84,58.712
2022-04-01 14:12:52,816,14.34,57.812
2022-04-01 14:12:52,816,14.34,57.812
2022-04-01 14:22:07,800,14.34,57.812
2022-04-01 14:22:07,800,14.34,57.812
2022-04-01 14:46:44,808,14.34,57.812
2022-04-01 14:46:44,808,14.34,57.812
2022-04-01 21:24:01,864,6.15,43.07
2022-04-01 21:24:01,864,6.15,43.07
2022-04-01 21:57:07,872,6.15,43.07
2022-04-01 21:57:07,872,6.15,43.07
2022-04-01 22:30:21,920,6.15,43.07
2022-04-01 22:30:21,920,6.15,43.07
2022-04-01 23:50:22,888,6.15,43.07
2022-04-01 23:50:22,888,6.15,43.07
2022-04-02 02:29:08,888,1.29,34.322
2022-04-02 03:55:49,888,1.29,34.322
2022-04-02 08:14:49,928,-0.79,30.578
2022-04-02 10:22:26,904,-0.79,30.578
2022-04-02 14:21:15,912,10.04,50.072
2022-04-03 06:10:35,928,5.99,42.782
2022-04-03 09:39:07,928,4.77,40.586
2022-04-04 06:23:44,920,1.22,34.196
2022-04-04 06:24:20,928,1.22,34.196
2022-04-04 06:25:08,920,1.22,34.196
2022-04-04 11:45:54,960,0.6,33.08
2022-04-04 14:10:39,968,12.45,54.41
2022-04-04 21:01:00,944,11.43,52.574
2022-04-04 21:27:51,952,11.43,52.574
2022-04-04 21:48:35,936,11.43,52.574
2022-04-04 22:06:18,928,11.43,52.574
2022-04-04 22:07:38,920,11.43,52.574
2022-04-04 22:42:17,968,11.43,52.574
2022-04-04 23:40:03,992,11.43,52.574
2022-04-05 04:47:26,968,6.95,44.51
2022-04-05 04:48:00,952,6.95,44.51
2022-04-05 04:52:37,984,6.95,44.51
2022-04-05 04:53:12,952,6.95,44.51
2022-04-05 04:53:56,920,6.95,44.51
2022-04-05 05:21:06,168,6.95,44.51
2022-04-05 05:21:45,984,6.95,44.51
2022-04-05 06:04:08,1000,6.95,44.51
2022-04-05 06:04:52,1024,6.95,44.51
2022-04-05 06:05:31,1000,6.95,44.51
2022-04-05 09:12:45,1008,7.04,44.672
2022-04-05 09:13:20,960,7.04,44.672
2022-04-05 09:13:58,960,7.04,44.672
2022-04-05 12:53:52,960,7.04,44.672
2022-04-05 13:23:42,944,7.04,44.672
2022-04-05 13:58:29,936,7.04,44.672
2022-04-05 21:01:37,936,12.27,54.086
2022-04-05 21:11:19,976,12.27,54.086
2022-04-05 21:19:49,1000,12.27,54.086
2022-04-05 21:20:32,1008,12.27,54.086
2022-04-05 21:48:02,1008,12.27,54.086
2022-04-05 22:36:54,1064,12.27,54.086
2022-04-05 23:46:52,1056,12.27,54.086
2022-04-06 04:37:35,1072,8.08,46.544
2022-04-06 07:49:14,1088,8.08,46.544
2022-04-06 07:50:19,1080,8.08,46.544
2022-04-06 07:50:53,1056,8.08,46.544
2022-04-06 13:35:06,1136,6.72,44.096
2022-04-06 13:35:42,1136,6.72,44.096
2022-04-06 13:36:31,1136,6.72,44.096
2022-04-06 13:37:07,1080,6.72,44.096
2022-04-06 16:16:16,1136,5.3,41.54
2022-04-06 16:16:29,104,5.3,41.54
2022-04-06 16:17:17,120,5.3,41.54
2022-04-06 16:18:18,120,5.3,41.54
2022-04-06 16:19:49,120,5.3,41.54
2022-04-06 16:21:14,120,5.3,41.54
2022-04-06 16:22:47,120,5.3,41.54
2022-04-06 16:24:07,120,5.3,41.54
2022-04-06 16:25:19,120,5.3,41.54
2022-04-06 16:26:57,112,5.3,41.54
2022-04-06 16:28:24,112,5.3,41.54
2022-04-06 16:29:50,112,5.3,41.54
2022-04-06 16:31:08,112,5.3,41.54
2022-04-06 16:32:24,112,5.3,41.54
2022-04-06 16:33:36,112,5.3,41.54
2022-04-06 16:34:51,112,5.3,41.54
2022-04-06 16:36:02,104,5.3,41.54
2022-04-06 16:37:21,104,5.3,41.54
2022-04-06 16:38:38,104,5.3,41.54
2022-04-06 16:39:48,104,5.3,41.54
2022-04-06 16:40:55,104,5.3,41.54
2022-04-06 16:43:07,104,5.3,41.54
2022-04-06 16:44:40,104,5.3,41.54
2022-04-06 21:17:44,200,6.09,42.962
2022-04-06 21:29:20,1112,6.09,42.962
2022-04-06 21:31:36,1144,6.09,42.962
2022-04-06 21:36:47,1176,6.09,42.962
2022-04-06 22:30:38,1200,6.09,42.962
2022-04-06 23:53:27,1208,6.09,42.962
2022-04-07 03:57:38,1256,4.19,39.542
2022-04-07 03:58:13,1200,4.19,39.542
2022-04-07 04:28:33,1216,4.19,39.542
2022-04-07 08:42:05,1232,5.06,41.108
2022-04-07 11:30:56,1272,5.06,41.108
2022-04-07 13:32:41,1256,5.06,41.108
2022-04-07 13:51:04,1288,5.06,41.108
2022-04-07 14:05:09,1288,7.07,44.726
2022-04-07 14:24:46,1232,7.07,44.726
2022-04-07 16:01:08,1200,7.07,44.726
2022-04-07 16:12:47,1176,7.07,44.726
2022-04-07 21:31:06,1432,4.76,40.568
2022-04-07 21:39:02,1664,4.76,40.568
2022-04-07 21:42:30,1568,4.76,40.568
2022-04-07 22:21:28,1576,4.76,40.568
2022-04-07 23:52:11,1400,4.76,40.568
2022-04-08 01:13:03,1384,4.76,40.568
2022-04-08 01:13:56,1344,4.76,40.568
2022-04-08 01:14:43,1336,4.76,40.568
2022-04-08 03:38:13,1360,3.16,37.688
2022-04-08 05:22:23,1360,3.16,37.688
2022-04-08 05:23:25,1344,3.16,37.688
2022-04-08 05:24:02,1288,3.16,37.688
2022-04-08 05:24:19,168,3.16,37.688
2022-04-08 05:24:39,192,3.16,37.688
2022-04-08 05:25:18,1264,3.16,37.688
2022-04-08 05:25:51,1232,3.16,37.688
2022-04-08 06:17:33,1296,3.16,37.688
2022-04-08 06:57:28,1384,3.16,37.688
2022-04-08 14:11:37,400,16.6,61.88
2022-04-08 14:12:23,392,16.6,61.88
2022-04-08 14:13:23,392,16.6,61.88
2022-04-08 20:46:55,376,14.26,57.668
2022-04-08 23:46:45,392,14.26,57.668
2022-04-09 06:03:03,416,9.79,49.622
2022-04-09 10:57:35,408,10.15,50.27
2022-04-09 14:18:48,392,14.64,58.352
2022-04-09 16:03:35,400,14.64,58.352
2022-04-10 10:09:44,424,3.68,38.624
2022-04-11 06:16:35,432,3.0,37.4
2022-04-11 06:16:54,424,3.0,37.4
2022-04-11 08:47:42,432,2.67,36.806
2022-04-11 13:04:35,416,2.67,36.806
2022-04-11 14:36:02,400,15.84,60.512
2022-04-11 16:25:01,392,15.84,60.512
2022-04-11 20:40:49,376,14.31,57.758
2022-04-11 22:23:08,384,14.31,57.758
2022-04-11 23:45:00,384,14.31,57.758
2022-04-12 02:44:25,384,11.06,51.908
2022-04-12 06:07:19,184,11.06,51.908
2022-04-12 06:08:05,384,11.06,51.908
2022-04-12 06:37:18,384,11.06,51.908
2022-04-12 08:48:32,384,12.29,54.122
2022-04-12 14:18:45,384,16.18,61.124
2022-04-12 21:41:07,360,18.76,65.768
2022-04-12 22:28:10,360,18.76,65.768
2022-04-12 23:44:49,360,18.76,65.768
2022-04-13 04:01:50,376,13.21,55.778000000000006
2022-04-13 06:44:55,200,13.21,55.778000000000006
2022-04-13 06:45:09,176,13.21,55.778000000000006
2022-04-13 10:48:05,376,12.88,55.184
2022-04-13 14:16:59,368,20.62,69.116
2022-04-13 14:17:37,368,20.62,69.116
2022-04-13 21:31:54,344,18.26,64.868
2022-04-13 22:07:24,352,18.26,64.868
2022-04-13 22:36:07,344,18.26,64.868
2022-04-13 23:49:24,360,18.26,64.868
2022-04-14 03:54:13,392,8.52,47.336
2022-04-14 03:54:57,392,8.52,47.336
2022-04-14 06:01:58,400,8.52,47.336
2022-04-14 07:50:09,408,8.52,47.336
2022-04-14 13:36:02,416,7.85,46.13
2022-04-14 16:10:13,440,10.47,50.846
2022-04-14 22:26:41,472,6.98,44.564
2022-04-14 22:35:47,416,6.98,44.564
2022-04-14 23:36:42,416,6.98,44.564
2022-04-14 23:52:38,416,6.98,44.564
2022-04-15 02:31:13,416,7.29,45.122
2022-04-15 03:02:30,408,7.29,45.122
2022-04-15 05:19:42,184,7.29,45.122
2022-04-15 06:11:08,416,7.29,45.122
2022-04-15 06:11:52,416,7.29,45.122
2022-04-15 08:19:10,408,8.36,47.048
2022-04-15 14:03:03,384,18.3,64.94
2022-04-15 14:11:07,408,18.3,64.94
2022-04-15 20:45:27,392,16.45,61.61
2022-04-15 22:38:53,368,16.45,61.61
2022-04-15 23:27:40,448,16.45,61.61
2022-04-15 23:30:56,144,16.45,61.61
2022-04-15 23:31:13,112,16.45,61.61
2022-04-15 23:32:16,472,16.45,61.61
2022-04-16 01:47:47,256,16.45,61.61
2022-04-16 01:48:04,176,16.45,61.61
2022-04-16 01:48:46,392,16.45,61.61
2022-04-16 03:39:02,512,12.99,55.382000000000005
2022-04-16 14:28:58,488,20.67,69.206
2022-04-16 23:50:14,392,14.13,57.434
2022-04-17 09:19:19,464,3.04,37.472
2022-04-17 13:02:57,512,3.04,37.472
2022-04-18 21:35:08,440,5.93,42.674
2022-04-19 14:14:49,520,12.12,53.816
2022-04-19 16:19:55,408,12.12,53.816
2022-04-19 16:22:13,504,12.12,53.816
2022-04-19 20:39:27,456,5.55,41.99
2022-04-19 21:19:43,480,5.55,41.99
2022-04-19 21:46:09,496,5.55,41.99
2022-04-19 22:28:28,488,5.55,41.99
2022-04-19 23:42:21,560,5.55,41.99
2022-04-20 06:32:16,184,3.88,38.984
2022-04-20 06:33:10,528,3.88,38.984
2022-04-20 13:15:31,496,4.94,40.892
2022-04-20 13:16:07,504,4.94,40.892
2022-04-20 14:01:25,544,12.03,53.654
2022-04-20 14:02:00,568,12.03,53.654
2022-04-20 20:42:52,560,11.96,53.528000000000006
2022-04-20 21:37:53,600,11.96,53.528000000000006
2022-04-20 22:24:30,576,11.96,53.528000000000006
2022-04-20 23:39:36,488,11.96,53.528000000000006
2022-04-21 04:03:38,280,6.99,44.582
2022-04-21 04:04:07,440,6.99,44.582
2022-04-21 04:04:50,648,6.99,44.582
2022-04-21 05:31:40,192,6.99,44.582
2022-04-21 05:40:32,488,6.99,44.582
2022-04-21 05:40:45,104,6.99,44.582
2022-04-21 06:25:17,200,6.99,44.582
2022-04-21 08:50:18,496,6.33,43.394
2022-04-21 10:12:51,608,6.33,43.394
2022-04-21 10:13:28,504,6.33,43.394
2022-04-21 13:56:21,104,6.33,43.394
2022-04-21 14:35:03,152,15.67,60.206
2022-04-21 20:54:21,504,11.67,53.006
2022-04-21 20:55:08,528,11.67,53.006
2022-04-21 20:57:37,576,11.67,53.006
2022-04-21 21:16:13,568,11.67,53.006
2022-04-21 21:22:48,536,11.67,53.006
2022-04-21 22:34:19,616,11.67,53.006
2022-04-21 23:52:43,544,11.67,53.006
2022-04-22 04:28:02,608,10.64,51.152
2022-04-22 04:31:57,552,10.64,51.152
2022-04-22 05:15:54,560,10.64,51.152
2022-04-22 05:58:49,584,10.64,51.152
2022-04-22 09:10:22,576,12.47,54.446
2022-04-22 14:11:10,560,17.61,63.698
2022-04-22 16:13:17,592,17.61,63.698
2022-04-22 21:03:58,576,14.66,58.388000000000005
2022-04-22 21:08:29,592,14.66,58.388000000000005
2022-04-22 21:17:50,720,14.66,58.388000000000005
2022-04-22 22:29:11,592,14.66,58.388000000000005
2022-04-22 23:40:59,616,14.66,58.388000000000005
2022-04-23 02:51:06,608,8.07,46.526
2022-04-23 06:34:07,640,8.07,46.526
2022-04-23 15:14:51,632,17.08,62.744
2022-04-23 19:06:03,616,17.08,62.744
2022-04-24 06:00:04,648,11.15,52.07
2022-04-24 06:00:35,592,11.15,52.07
2022-04-24 19:09:08,712,7.15,44.870000000000005
2022-04-24 23:05:52,744,9.78,49.604
2022-04-25 06:49:43,640,8.13,46.634
2022-04-25 06:50:32,648,8.13,46.634
2022-04-25 08:32:15,672,9.72,49.496
2022-04-25 13:15:47,664,9.72,49.496
2022-04-25 14:24:39,680,12.69,54.842
2022-04-25 16:17:13,888,12.69,54.842
2022-04-25 20:37:58,872,7.13,44.834
2022-04-25 21:35:54,880,7.13,44.834
2022-04-25 21:38:15,736,7.13,44.834
2022-04-25 22:34:42,728,7.13,44.834
2022-04-25 23:41:43,712,7.13,44.834
2022-04-25 23:43:28,744,7.13,44.834
2022-04-26 04:33:36,760,6.77,44.186
2022-04-26 05:44:46,760,6.77,44.186
2022-04-26 05:45:44,752,6.77,44.186
2022-04-26 05:46:31,744,6.77,44.186
2022-04-26 05:47:04,736,6.77,44.186
2022-04-26 06:04:09,176,6.77,44.186
2022-04-26 06:04:18,184,6.77,44.186
2022-04-26 06:05:00,776,6.77,44.186
2022-04-26 06:05:45,744,6.77,44.186
2022-04-26 07:33:26,736,6.77,44.186
2022-04-26 07:34:02,768,6.77,44.186
2022-04-26 07:34:44,720,6.77,44.186
2022-04-26 07:35:26,688,6.77,44.186
2022-04-26 07:36:27,720,6.77,44.186
2022-04-26 09:02:06,712,7.77,45.986
2022-04-26 11:17:20,704,7.77,45.986
2022-04-26 14:10:57,704,12.76,54.968
2022-04-26 14:11:34,680,12.76,54.968
2022-04-26 21:05:56,672,11.56,52.808
2022-04-26 21:28:00,680,11.56,52.808
2022-04-26 21:31:09,632,11.56,52.808
2022-04-26 22:36:18,624,11.56,52.808
2022-04-26 23:38:48,632,11.56,52.808
2022-04-27 03:59:27,632,11.36,52.448
2022-04-27 06:27:03,544,11.36,52.448
2022-04-27 06:32:12,552,11.36,52.448
2022-04-27 09:09:33,184,11.06,51.908
2022-04-27 14:01:11,504,13.41,56.138000000000005
2022-04-27 14:24:58,584,13.41,56.138000000000005
2022-04-27 21:25:38,672,6.82,44.276
2022-04-27 21:38:02,560,6.82,44.276
2022-04-27 21:43:26,552,6.82,44.276
2022-04-27 23:33:49,528,6.82,44.276
2022-04-28 04:00:01,496,1.61,34.898
2022-04-28 06:27:56,488,1.61,34.898
2022-04-28 14:04:03,496,7.26,45.068
2022-04-28 14:04:37,504,7.26,45.068
2022-04-28 19:02:36,528,7.26,45.068
2022-04-28 20:44:03,488,7.14,44.852
2022-04-28 21:24:07,480,7.14,44.852
2022-04-28 21:49:48,576,7.14,44.852
2022-04-28 22:10:00,480,7.14,44.852
2022-04-28 23:41:40,488,7.14,44.852
2022-04-29 04:18:05,528,3.85,38.93
2022-04-29 06:22:50,528,3.85,38.93
2022-04-29 06:49:32,648,3.85,38.93
2022-04-29 13:19:00,640,2.65,36.77
2022-04-29 14:00:55,656,11.69,53.042
2022-04-29 21:15:35,656,10.24,50.432
2022-04-29 22:18:12,656,10.24,50.432
2022-04-29 23:50:36,640,10.24,50.432
2022-04-30 14:43:20,656,11.26,52.268
2022-04-30 20:49:37,584,11.96,53.528000000000006
2022-04-30 20:50:38,592,11.96,53.528000000000006
2022-05-01 01:31:01,648,11.96,53.528000000000006
2022-05-01 05:57:52,664,7.67,45.806
2022-05-01 10:31:56,624,10.61,51.098
2022-05-01 20:04:31,608,15.48,59.864
2022-05-01 20:06:28,632,15.48,59.864
2022-05-01 20:23:18,656,15.48,59.864
2022-05-01 22:06:53,648,15.48,59.864
2022-05-01 22:07:40,648,15.48,59.864
2022-05-01 22:09:06,656,15.48,59.864
2022-05-01 22:09:41,632,15.48,59.864
2022-05-02 06:17:57,672,10.4,50.72
2022-05-02 07:24:29,664,10.4,50.72
2022-05-02 09:10:18,696,10.15,50.27
2022-05-02 11:15:44,856,10.15,50.27
2022-05-02 11:22:05,616,10.15,50.27
2022-05-02 11:22:42,680,10.15,50.27
2022-05-02 14:07:11,680,14.72,58.496
2022-05-02 14:54:26,688,14.72,58.496
2022-05-02 16:17:01,680,14.72,58.496
2022-05-02 20:42:11,688,8.02,46.436
2022-05-02 21:10:40,696,8.02,46.436
2022-05-02 21:16:12,712,8.02,46.436
2022-05-02 21:51:15,728,8.02,46.436
2022-05-02 22:05:44,728,8.02,46.436
2022-05-02 23:41:05,744,8.02,46.436
2022-05-03 06:15:02,752,6.99,44.582
2022-05-03 06:20:31,760,6.99,44.582
2022-05-03 08:45:39,776,6.94,44.492
2022-05-03 11:03:00,176,6.94,44.492
2022-05-03 11:03:33,192,6.94,44.492
2022-05-03 14:21:54,784,12.31,54.158
2022-05-03 14:35:08,784,12.31,54.158
2022-05-03 14:35:46,760,12.31,54.158
2022-05-03 14:36:31,736,12.31,54.158
2022-05-03 20:45:07,752,11.01,51.818
2022-05-03 21:19:58,768,11.01,51.818
2022-05-03 21:33:55,776,11.01,51.818
2022-05-03 22:37:02,776,11.01,51.818
2022-05-03 23:37:05,792,11.01,51.818
2022-05-04 06:48:04,792,9.78,49.604
2022-05-04 06:48:39,792,9.78,49.604
2022-05-04 07:49:32,784,9.78,49.604
2022-05-04 07:50:10,752,9.78,49.604
2022-05-04 12:51:41,784,11.24,52.232
2022-05-04 13:37:20,784,11.24,52.232
2022-05-04 13:37:55,752,11.24,52.232
2022-05-04 20:41:31,752,12.06,53.708
2022-05-04 21:03:45,752,12.06,53.708
2022-05-04 21:09:27,776,12.06,53.708
2022-05-04 21:40:58,792,12.06,53.708
2022-05-04 22:31:24,776,12.06,53.708
2022-05-04 23:36:39,808,12.06,53.708
2022-05-05 05:04:52,800,10.59,51.062
2022-05-05 05:05:26,824,10.59,51.062
2022-05-05 08:31:47,832,13.17,55.706
2022-05-05 08:32:25,832,13.17,55.706
2022-05-05 08:33:54,816,13.17,55.706
2022-05-05 10:10:34,920,13.17,55.706
2022-05-05 13:42:59,824,13.17,55.706
2022-05-05 16:13:59,792,18.37,65.066
2022-05-05 21:04:46,784,18.94,66.09200000000001
2022-05-05 21:22:26,832,18.94,66.09200000000001
2022-05-05 21:28:26,816,18.94,66.09200000000001
2022-05-05 21:39:02,792,18.94,66.09200000000001
2022-05-05 22:29:29,800,18.94,66.09200000000001
2022-05-05 23:42:32,824,18.94,66.09200000000001
2022-05-06 03:53:46,856,14.04,57.272
2022-05-06 06:02:36,880,14.04,57.272
2022-05-06 14:13:20,888,17.35,63.23
2022-05-06 14:21:18,872,17.35,63.23
2022-05-06 14:21:52,848,17.35,63.23
2022-05-06 14:22:26,840,17.35,63.23
2022-05-06 14:23:01,816,17.35,63.23
2022-05-06 14:23:34,808,17.35,63.23
2022-05-06 14:24:09,784,17.35,63.23
2022-05-06 14:24:43,776,17.35,63.23
2022-05-06 14:25:18,784,17.35,63.23
2022-05-06 14:25:52,856,17.35,63.23
2022-05-06 14:26:43,992,17.35,63.23
2022-05-06 20:40:16,872,15.16,59.288
2022-05-06 21:15:10,904,15.16,59.288
2022-05-06 21:24:49,896,15.16,59.288
2022-05-06 22:34:13,896,15.16,59.288
2022-05-06 22:40:45,888,15.16,59.288
2022-05-06 23:47:37,904,15.16,59.288
2022-05-07 03:38:00,960,11.94,53.492
2022-05-07 05:33:35,992,11.94,53.492
2022-05-07 14:47:31,1032,6.61,43.898
2022-05-07 17:44:21,1000,6.61,43.898
2022-05-08 02:46:50,232,6.24,43.232
2022-05-08 02:46:59,200,6.24,43.232
2022-05-08 05:18:11,1024,6.24,43.232
2022-05-08 06:28:06,1080,6.24,43.232
2022-05-08 06:29:09,1056,6.24,43.232
2022-05-08 22:35:32,1072,6.96,44.528
2022-05-09 00:31:24,200,6.96,44.528
2022-05-09 00:32:36,1056,6.96,44.528
2022-05-09 00:36:53,1104,6.96,44.528
2022-05-09 01:24:20,1088,6.96,44.528
2022-05-09 01:24:34,104,6.96,44.528
2022-05-09 01:24:46,104,6.96,44.528
2022-05-09 01:28:14,200,6.96,44.528
2022-05-09 01:29:12,200,6.96,44.528
2022-05-09 01:36:45,1136,6.96,44.528
2022-05-09 02:02:36,1176,3.76,38.768
2022-05-09 02:02:44,120,3.76,38.768
2022-05-09 02:03:05,192,3.76,38.768
2022-05-09 02:37:38,648,3.76,38.768
2022-05-09 02:37:54,104,3.76,38.768
2022-05-09 02:38:07,104,3.76,38.768
2022-05-09 02:38:20,104,3.76,38.768
2022-05-09 06:13:16,1232,3.76,38.768
2022-05-09 06:13:55,1184,3.76,38.768
2022-05-09 08:49:18,200,6.99,44.582
2022-05-09 08:59:24,1208,6.99,44.582
2022-05-09 09:01:07,1232,6.99,44.582
2022-05-09 09:01:43,1152,6.99,44.582
2022-05-09 09:03:13,1216,6.99,44.582
2022-05-09 09:03:50,1192,6.99,44.582
2022-05-09 09:04:53,1216,6.99,44.582
2022-05-09 09:05:38,1152,6.99,44.582
2022-05-09 16:17:32,1184,12.52,54.536
2022-05-09 16:55:03,1176,12.52,54.536
2022-05-09 20:41:25,1224,10.9,51.620000000000005
2022-05-09 21:45:07,1184,10.9,51.620000000000005
2022-05-09 21:51:33,1192,10.9,51.620000000000005
2022-05-09 21:58:05,1264,10.9,51.620000000000005
2022-05-09 22:36:57,1232,10.9,51.620000000000005
2022-05-09 22:43:04,1248,10.9,51.620000000000005
2022-05-09 23:50:16,1368,10.9,51.620000000000005
2022-05-10 04:49:07,1384,6.99,44.582
2022-05-10 10:11:45,1384,11.37,52.466
2022-05-10 10:38:28,1392,11.37,52.466
2022-05-10 10:57:07,1376,11.37,52.466
2022-05-10 12:14:27,1384,11.37,52.466
2022-05-10 12:22:02,1376,11.37,52.466
2022-05-10 12:22:40,1304,11.37,52.466
2022-05-10 12:31:01,1280,11.37,52.466
2022-05-10 12:33:01,1248,11.37,52.466
2022-05-10 12:36:22,1232,11.37,52.466
2022-05-10 12:41:06,1224,11.37,52.466
2022-05-10 12:42:36,1168,11.37,52.466
2022-05-10 12:44:50,1152,11.37,52.466
2022-05-10 13:16:35,1280,11.37,52.466
2022-05-10 21:22:24,1272,11.19,52.142
2022-05-10 21:46:38,1264,11.19,52.142
2022-05-10 22:08:21,1368,11.19,52.142
2022-05-10 22:18:02,1448,11.19,52.142
2022-05-10 23:48:12,1504,11.19,52.142
2022-05-11 06:05:01,1480,6.9,44.42
2022-05-11 06:05:35,1408,6.9,44.42
2022-05-11 06:17:19,1488,6.9,44.42
2022-05-11 06:17:55,1320,6.9,44.42
2022-05-11 10:29:10,416,10.84,51.512
2022-05-11 13:59:49,416,10.84,51.512
2022-05-11 20:42:27,408,11.87,53.366
2022-05-11 21:50:52,416,11.87,53.366
2022-05-11 23:28:06,416,11.87,53.366
2022-05-12 03:42:37,408,11.93,53.474
2022-05-12 08:29:44,408,13.28,55.904
2022-05-12 12:47:11,400,13.28,55.904
2022-05-12 13:03:53,184,13.28,55.904
2022-05-12 13:05:30,392,13.28,55.904
2022-05-12 13:06:09,384,13.28,55.904
2022-05-12 13:07:21,384,13.28,55.904
2022-05-12 13:08:11,384,13.28,55.904
2022-05-12 14:20:56,384,18.49,65.282
2022-05-12 16:50:28,392,18.49,65.282
2022-05-12 23:38:46,400,13.97,57.146
2022-05-12 23:54:39,400,13.97,57.146
2022-05-13 03:41:57,392,14.12,57.416
2022-05-13 03:57:54,392,14.12,57.416
2022-05-13 06:43:00,392,14.12,57.416
2022-05-13 11:43:46,360,15.7,60.26
2022-05-13 16:32:14,360,22.66,72.78800000000001
2022-05-13 16:33:00,360,22.66,72.78800000000001
2022-05-13 21:19:20,336,23.13,73.634
2022-05-13 23:54:05,336,23.13,73.634
2022-09-06 12:45:17,600,18.27,64.886
2022-09-06 12:49:10,600,18.27,64.886
2022-09-06 14:03:19,600,18.89,66.00200000000001
2022-09-06 14:11:43,600,18.89,66.00200000000001
2022-09-06 20:38:06,616,18.14,64.652
2022-09-06 21:20:19,600,18.14,64.652
2022-09-06 22:27:09,608,18.14,64.652
2022-09-06 23:45:36,608,18.14,64.652
2022-09-07 02:21:49,624,17.58,63.644
2022-09-07 02:22:26,656,17.58,63.644
2022-09-07 07:46:23,648,17.58,63.644
2022-09-07 08:57:44,672,17.18,62.924
2022-09-07 09:52:39,168,17.18,62.924
2022-09-07 13:44:59,672,17.18,62.924
2022-09-07 13:55:13,664,17.18,62.924
2022-09-07 14:14:13,680,21.56,70.80799999999999
2022-09-07 16:16:39,672,21.56,70.80799999999999
2022-09-07 16:17:31,664,21.56,70.80799999999999
2022-09-07 19:59:40,656,21.56,70.80799999999999
2022-09-07 20:40:32,680,18.83,65.894
2022-09-07 21:11:46,712,18.83,65.894
2022-09-07 22:27:57,704,18.83,65.894
2022-09-07 23:42:45,912,18.83,65.894
2022-09-08 06:36:19,736,15.99,60.782
2022-09-08 06:37:19,728,15.99,60.782
2022-09-08 06:38:11,840,15.99,60.782
2022-09-08 09:00:40,832,16.82,62.276
2022-09-08 11:09:42,848,16.82,62.276
2022-09-08 12:49:53,752,16.82,62.276
2022-09-08 14:02:17,224,22.09,71.762
2022-09-08 14:02:36,176,22.09,71.762
2022-09-08 14:03:51,848,22.09,71.762
2022-09-08 16:10:37,752,22.09,71.762
2022-09-08 21:16:58,736,18.69,65.642
2022-09-08 21:37:48,896,18.69,65.642
2022-09-08 22:18:01,808,18.69,65.642
2022-09-08 22:20:29,792,18.69,65.642
2022-09-08 22:30:12,976,18.69,65.642
2022-09-08 23:34:14,832,18.69,65.642
2022-09-09 05:57:12,784,15.71,60.278000000000006
2022-09-09 06:12:25,792,15.71,60.278000000000006
2022-09-09 06:12:44,176,15.71,60.278000000000006
2022-09-09 06:13:35,808,15.71,60.278000000000006
2022-09-09 06:42:23,800,15.71,60.278000000000006
2022-09-09 10:33:13,816,16.2,61.16
2022-09-09 12:43:22,824,16.2,61.16
2022-09-09 13:35:27,800,16.2,61.16
2022-09-09 16:17:16,784,24.97,76.946
2022-09-09 18:51:31,760,24.97,76.946
2022-09-09 20:41:04,776,22.11,71.798
2022-09-09 21:10:55,768,22.11,71.798
2022-09-09 22:21:35,784,22.11,71.798
2022-09-09 23:37:40,792,22.11,71.798
2022-09-10 04:40:37,752,19.56,67.208
2022-09-10 12:51:07,728,19.39,66.902
2022-09-10 17:36:33,656,28.14,82.652
2022-09-10 17:37:06,632,28.14,82.652
2022-09-11 06:52:27,584,21.02,69.836
2022-09-11 10:40:28,128,21.13,70.03399999999999
2022-09-11 10:41:21,152,21.13,70.03399999999999
2022-09-11 10:42:06,600,21.13,70.03399999999999
2022-09-12 07:47:20,184,19.98,67.964
2022-09-12 08:39:15,616,20.11,68.19800000000001
2022-09-12 08:40:03,600,20.11,68.19800000000001
2022-09-12 08:59:58,584,20.11,68.19800000000001
2022-09-12 10:02:30,576,20.11,68.19800000000001
2022-09-12 12:41:51,560,20.11,68.19800000000001
2022-09-12 12:41:58,104,20.11,68.19800000000001
2022-09-12 13:58:11,224,20.11,68.19800000000001
2022-09-12 16:12:32,552,24.94,76.892
2022-09-12 21:23:38,576,23.51,74.31800000000001
2022-09-12 22:20:28,576,23.51,74.31800000000001
2022-09-12 22:20:36,104,23.51,74.31800000000001
2022-09-12 23:43:17,576,23.51,74.31800000000001
2022-09-13 01:25:43,592,23.51,74.31800000000001
2022-09-13 04:49:42,584,21.18,70.124
2022-09-13 04:49:50,104,21.18,70.124
2022-09-13 07:47:33,616,21.18,70.124
2022-09-13 07:47:41,104,21.18,70.124
2022-09-13 08:14:42,632,21.22,70.196
2022-09-13 08:38:18,160,21.22,70.196
2022-09-13 08:38:35,160,21.22,70.196
2022-09-13 08:38:45,120,21.22,70.196
2022-09-13 08:39:12,136,21.22,70.196
2022-09-13 10:54:07,176,21.22,70.196
2022-09-13 12:43:07,640,21.22,70.196
2022-09-13 14:02:13,640,23.38,74.084
2022-09-13 16:19:03,664,23.38,74.084
2022-09-13 21:14:15,688,23.58,74.44399999999999
2022-09-13 21:23:29,704,23.58,74.44399999999999
2022-09-13 22:33:29,736,23.58,74.44399999999999
2022-09-13 23:45:35,152,23.58,74.44399999999999
2022-09-13 23:45:58,160,23.58,74.44399999999999
2022-09-14 06:05:49,760,20.33,68.594
2022-09-14 06:06:27,720,20.33,68.594
2022-09-14 08:32:11,152,17.65,63.77
2022-09-14 08:32:22,104,17.65,63.77
2022-09-14 08:33:02,120,17.65,63.77
2022-09-14 08:33:31,752,17.65,63.77
2022-09-14 08:33:43,168,17.65,63.77
2022-09-14 08:33:57,112,17.65,63.77
2022-09-14 08:34:51,128,17.65,63.77
2022-09-14 08:35:39,744,17.65,63.77
2022-09-14 13:41:54,776,17.65,63.77
2022-09-14 14:40:31,800,25.4,77.72
2022-09-14 14:41:53,784,25.4,77.72
2022-09-14 14:43:09,144,25.4,77.72
2022-09-14 14:44:12,800,25.4,77.72
2022-09-14 16:07:49,784,25.4,77.72
2022-09-14 16:09:02,744,25.4,77.72
2022-09-14 19:40:16,760,25.4,77.72
2022-09-14 20:44:14,776,23.09,73.562
2022-09-14 21:29:02,792,23.09,73.562
2022-09-14 22:34:20,816,23.09,73.562
2022-09-14 23:42:07,832,23.09,73.562
2022-09-15 01:15:40,832,23.09,73.562
2022-09-15 04:58:40,856,18.85,65.93
2022-09-15 05:10:29,824,18.85,65.93
2022-09-15 05:11:01,808,18.85,65.93
2022-09-15 11:21:12,184,15.42,59.756
2022-09-15 12:52:58,176,15.42,59.756
2022-09-15 12:54:07,912,15.42,59.756
2022-09-15 13:11:50,880,15.42,59.756
2022-09-15 14:47:26,872,20.57,69.02600000000001
2022-09-15 14:47:45,176,20.57,69.02600000000001
2022-09-15 14:48:22,872,20.57,69.02600000000001
2022-09-15 16:10:04,832,20.57,69.02600000000001
2022-09-15 16:10:17,128,20.57,69.02600000000001
2022-09-15 16:10:43,800,20.57,69.02600000000001
2022-09-15 16:11:37,776,20.57,69.02600000000001
2022-09-15 21:18:37,920,16.84,62.312
2022-09-15 21:18:45,104,16.84,62.312
2022-09-15 22:06:24,888,16.84,62.312
2022-09-15 23:34:59,920,16.84,62.312
2022-09-16 03:36:02,904,12.56,54.608
2022-09-16 03:36:40,904,12.56,54.608
2022-09-16 06:21:59,912,12.56,54.608
2022-09-16 06:22:57,896,12.56,54.608
2022-09-16 07:43:42,888,12.56,54.608
2022-09-16 12:52:08,856,13.01,55.418
2022-09-16 12:57:07,832,13.01,55.418
2022-09-16 14:15:19,816,20.86,69.548
2022-09-16 20:45:14,808,18.84,65.912
2022-09-16 21:10:12,792,18.84,65.912
2022-09-16 21:11:01,792,18.84,65.912
2022-09-16 21:11:42,792,18.84,65.912
2022-09-16 22:16:08,768,18.84,65.912
2022-09-16 23:25:03,776,18.84,65.912
2022-09-17 06:33:18,768,13.04,55.472
2022-09-17 06:33:52,784,13.04,55.472
2022-09-17 12:33:46,768,12.11,53.798
2022-09-17 13:09:09,808,12.11,53.798
2022-09-17 13:09:54,1072,12.11,53.798
2022-09-17 14:16:14,752,19.9,67.82
2022-09-17 17:17:47,760,19.9,67.82
2022-09-17 18:52:46,776,19.9,67.82
2022-09-17 21:29:02,760,17.63,63.734
2022-09-17 22:48:13,792,17.63,63.734
2022-09-17 23:17:49,792,17.63,63.734
2022-09-18 06:47:46,784,15.92,60.656
2022-09-19 05:22:57,760,21.37,70.46600000000001
2022-09-19 10:15:29,208,15.95,60.71
2022-09-19 14:14:36,784,18.22,64.79599999999999
2022-09-19 14:15:05,360,18.22,64.79599999999999
2022-09-19 16:09:44,792,18.22,64.79599999999999
2022-09-19 21:09:08,792,19.33,66.794
2022-09-19 22:33:53,816,19.33,66.794
2022-09-19 23:47:36,848,19.33,66.794
2022-09-20 06:41:35,848,15.76,60.368
2022-09-20 06:42:27,840,15.76,60.368
2022-09-20 08:37:07,848,16.21,61.178
2022-09-20 12:58:43,816,16.21,61.178
2022-09-20 14:12:05,816,17.69,63.842
2022-09-20 22:29:46,856,16.42,61.556
2022-09-20 23:42:18,880,16.42,61.556
2022-09-20 23:42:54,888,16.42,61.556
2022-09-20 23:46:36,904,16.42,61.556
2022-09-21 04:57:34,904,15.01,59.018
2022-09-21 05:59:20,896,15.01,59.018
2022-09-21 06:46:00,688,15.01,59.018
2022-09-21 06:46:16,280,15.01,59.018
2022-09-21 06:46:35,112,15.01,59.018
2022-09-21 08:10:28,944,14.72,58.496
2022-09-21 08:18:25,960,14.72,58.496
2022-09-21 13:35:31,920,14.72,58.496
2022-09-21 13:37:22,936,14.72,58.496
2022-09-21 14:02:19,936,19.14,66.452
2022-09-21 16:07:24,976,19.14,66.452
2022-09-21 20:40:16,984,18.44,65.19200000000001
2022-09-21 22:18:12,976,18.44,65.19200000000001
2022-09-21 23:08:22,952,18.44,65.19200000000001
2022-09-21 23:19:53,1016,18.44,65.19200000000001
2022-09-21 23:46:12,1008,18.44,65.19200000000001
2022-09-22 06:43:15,1008,17.77,63.986
2022-09-22 06:48:08,992,17.77,63.986
2022-09-22 06:48:57,1048,17.77,63.986
2022-09-22 06:49:19,408,17.77,63.986
2022-09-22 07:59:25,1048,17.77,63.986
2022-09-22 08:19:41,1024,21.31,70.358
2022-09-22 09:09:52,1016,21.31,70.358
2022-09-22 11:02:55,160,21.31,70.358
2022-09-22 14:11:03,1040,20.92,69.656
2022-09-22 16:58:48,1024,20.92,69.656
2022-09-22 20:37:19,1032,15.56,60.008
2022-09-22 20:38:08,1032,15.56,60.008
2022-09-22 20:38:55,1056,15.56,60.008
2022-09-22 20:40:46,1112,15.56,60.008
2022-09-22 21:17:55,1256,15.56,60.008
2022-09-22 21:24:35,1128,15.56,60.008
2022-09-22 22:24:07,1168,15.56,60.008
2022-09-22 23:40:31,1136,15.56,60.008
2022-09-22 23:42:25,1176,15.56,60.008
2022-09-23 05:59:20,144,12.3,54.14
2022-09-23 06:02:13,1192,12.3,54.14
2022-09-23 08:03:47,1184,10.66,51.188
2022-09-23 08:04:40,1160,10.66,51.188
2022-09-23 08:06:06,1192,10.66,51.188
2022-09-23 14:12:19,1256,14.81,58.658
2022-09-23 14:12:54,1232,14.81,58.658
2022-09-23 14:20:02,1232,14.81,58.658
2022-09-23 20:37:16,1176,11.04,51.872
2022-09-23 20:37:59,1152,11.04,51.872
2022-09-23 20:39:51,1216,11.04,51.872
2022-09-23 22:25:01,1240,11.04,51.872
2022-09-23 23:19:41,1280,11.04,51.872
2022-09-23 23:21:22,1320,11.04,51.872
2022-09-23 23:27:53,1384,11.04,51.872
2022-09-24 01:02:09,1376,11.04,51.872
2022-09-24 06:43:18,1256,6.87,44.366
2022-09-24 13:01:26,1328,8.07,46.526
2022-09-24 13:12:55,1336,8.07,46.526
2022-09-24 19:56:10,1328,19.24,66.632
2022-09-25 06:02:58,1320,11.9,53.42
2022-09-25 06:03:16,352,11.9,53.42
2022-09-25 08:21:54,1336,12.17,53.906
2022-09-25 10:21:01,1288,12.17,53.906
2022-09-25 14:57:46,1288,20.27,68.48599999999999
2022-09-25 17:32:13,1328,20.27,68.48599999999999
2022-09-25 21:41:40,1248,19.02,66.23599999999999
2022-09-26 04:35:34,1096,17.35,63.23
2022-09-26 13:59:57,104,16.41,61.538
2022-09-26 14:00:23,344,22.63,72.73400000000001
2022-09-26 22:23:40,344,19.2,66.56
2022-09-26 23:47:37,344,19.2,66.56
2022-09-27 06:28:10,352,15.59,60.062
2022-09-27 08:07:07,352,16.25,61.25
2022-09-27 08:40:51,352,16.25,61.25
2022-09-27 11:34:48,344,16.25,61.25
2022-09-27 13:58:56,344,16.25,61.25
2022-09-27 21:12:01,344,18.02,64.436
2022-09-27 21:25:25,336,18.02,64.436
2022-09-27 22:29:00,344,18.02,64.436
2022-09-27 23:18:28,344,18.02,64.436
2022-09-28 01:13:38,344,18.02,64.436
2022-09-28 06:44:20,176,13.68,56.624
2022-09-28 09:01:49,352,14.46,58.028000000000006
2022-09-28 13:56:52,168,14.46,58.028000000000006
2022-09-28 16:14:53,352,20.96,69.72800000000001
2022-09-28 16:19:40,160,20.96,69.72800000000001
2022-09-28 16:20:06,344,20.96,69.72800000000001
2022-09-28 20:41:03,344,17.87,64.166
2022-09-28 21:04:34,344,17.87,64.166
2022-09-28 21:25:28,344,17.87,64.166
2022-09-28 22:25:05,344,17.87,64.166
2022-09-28 23:32:31,344,17.87,64.166
2022-09-28 23:32:48,168,17.87,64.166
2022-09-28 23:33:29,344,17.87,64.166
2022-09-28 23:33:43,168,17.87,64.166
2022-09-28 23:50:35,344,17.87,64.166
2022-09-29 05:20:35,360,13.79,56.822
2022-09-29 07:37:47,360,13.79,56.822
2022-09-29 07:59:27,360,13.79,56.822
2022-09-29 08:36:11,360,12.51,54.518
2022-09-29 12:57:09,360,12.51,54.518
2022-09-29 13:04:07,360,12.51,54.518
2022-09-29 14:46:42,176,17.56,63.608
2022-09-29 16:08:37,360,17.56,63.608
2022-09-29 19:32:08,368,17.56,63.608
2022-09-29 20:43:42,368,13.94,57.092
2022-09-29 21:19:28,368,13.94,57.092
2022-09-29 22:22:08,368,13.94,57.092
2022-09-29 23:48:23,376,13.94,57.092
2022-09-30 06:00:28,384,9.3,48.74
2022-09-30 07:58:47,392,9.3,48.74
2022-09-30 12:54:12,400,8.14,46.652
2022-09-30 14:32:57,400,15.85,60.53
2022-09-30 21:24:03,392,13.06,55.508
2022-09-30 21:37:23,400,13.06,55.508
2022-09-30 23:40:18,392,13.06,55.508
2022-10-01 06:12:01,392,11.01,51.818
2022-10-01 18:32:14,400,14.23,57.614
2022-10-01 18:32:52,400,14.23,57.614
2022-10-01 23:01:36,408,13.77,56.786
