readingDtUtz,valuePsi,celsius,fahrenheit
2021-09-01 18:31:36,1520,20.73,69.314
2021-09-01 18:32:18,1432,20.73,69.314
2021-09-01 18:33:00,1456,20.73,69.314
2021-09-01 18:41:18,1536,20.73,69.314
2021-09-01 19:01:00,1552,20.73,69.314
2021-09-01 19:12:30,1592,20.73,69.314
2021-09-01 19:18:09,1664,20.73,69.314
2021-09-01 19:19:14,1584,20.73,69.314
2021-09-01 19:23:33,1664,20.73,69.314
2021-09-01 19:24:19,1568,20.73,69.314
2021-09-01 20:49:56,1568,17.88,64.184
2021-09-01 23:14:39,1584,17.88,64.184
2021-09-01 23:15:14,1600,17.88,64.184
2021-09-01 23:33:09,320,17.88,64.184
2021-09-02 12:50:11,184,15.85,60.53
2021-09-02 12:50:41,304,15.85,60.53
2021-09-02 12:50:57,288,15.85,60.53
2021-09-02 12:51:40,1680,15.85,60.53
2021-09-02 12:52:52,1656,15.85,60.53
2021-09-02 12:53:26,1616,15.85,60.53
2021-09-02 18:54:32,1672,21.26,70.268
2021-09-02 19:25:20,1752,21.26,70.268
2021-09-02 19:26:37,1728,21.26,70.268
2021-09-02 21:11:55,1816,19.72,67.49600000000001
2021-09-02 21:53:25,1808,19.72,67.49600000000001
2021-09-02 21:54:09,1816,19.72,67.49600000000001
2021-09-02 22:04:46,1792,19.72,67.49600000000001
2021-09-03 12:40:42,1720,15.48,59.864
2021-09-03 12:41:15,1672,15.48,59.864
2021-09-03 19:24:08,1800,22.7,72.86
2021-09-03 19:26:22,1848,22.7,72.86
2021-09-03 19:27:32,1808,22.7,72.86
2021-09-03 19:28:14,1832,22.7,72.86
2021-09-03 19:29:17,1840,22.7,72.86
2021-09-03 20:00:58,1840,20.26,68.468
2021-09-03 21:06:45,1808,20.26,68.468
2021-09-03 23:21:26,1816,20.26,68.468
2021-09-06 18:48:31,1752,27.75,81.95
2021-09-06 18:49:02,352,27.75,81.95
2021-09-07 06:06:56,1808,18.05,64.49000000000001
2021-09-07 06:08:23,1792,18.05,64.49000000000001
2021-09-07 06:08:55,1752,18.05,64.49000000000001
2021-09-07 06:12:16,1728,18.05,64.49000000000001
2021-09-07 19:17:53,440,26.11,78.99799999999999
2021-09-07 19:25:09,440,26.11,78.99799999999999
2021-09-07 21:01:52,456,21.77,71.186
2021-09-07 22:40:18,472,21.77,71.186
2021-09-08 17:11:44,432,29.11,84.398
2021-09-08 18:23:59,440,29.11,84.398
2021-09-08 18:55:21,440,29.11,84.398
2021-09-08 19:19:46,432,29.11,84.398
2021-09-08 22:41:40,456,24.31,75.758
2021-09-08 22:42:32,448,24.31,75.758
2021-09-08 23:14:19,456,24.31,75.758
2021-09-09 12:50:13,480,23.22,73.79599999999999
2021-09-09 17:25:18,488,23.48,74.26400000000001
2021-09-09 19:21:14,480,23.48,74.26400000000001
2021-09-09 19:24:51,480,23.48,74.26400000000001
2021-09-09 20:27:10,488,21.21,70.178
2021-09-10 08:10:00,528,19.3,66.74000000000001
2021-09-10 18:47:09,480,24.1,75.38
2021-09-10 19:23:17,488,24.1,75.38
2021-09-10 19:25:08,480,24.1,75.38
2021-09-10 20:57:37,496,19.36,66.848
2021-09-10 23:25:13,512,19.36,66.848
2021-09-10 23:36:28,504,19.36,66.848
2021-09-11 18:41:52,464,24.44,75.992
2021-09-13 18:11:25,456,25.77,78.386
2021-09-13 19:05:20,456,25.77,78.386
2021-09-13 19:05:56,448,25.77,78.386
2021-09-13 19:16:54,448,25.77,78.386
2021-09-13 20:48:58,488,22.3,72.14
2021-09-13 22:16:57,472,22.3,72.14
2021-09-13 23:36:42,472,22.3,72.14
2021-09-14 17:59:47,512,22.99,73.382
2021-09-14 19:06:14,520,22.99,73.382
2021-09-14 19:22:12,472,22.99,73.382
2021-09-14 22:50:54,480,20.62,69.116
2021-09-14 23:40:03,488,20.62,69.116
2021-09-14 23:40:40,480,20.62,69.116
2021-09-15 13:56:47,424,22.69,72.84200000000001
2021-09-15 18:06:33,424,32.64,90.752
2021-09-15 18:07:20,552,32.64,90.752
2021-09-15 19:21:58,552,32.64,90.752
2021-09-15 19:22:48,448,32.64,90.752
2021-09-15 19:24:25,520,32.64,90.752
2021-09-15 20:59:03,544,25.59,78.062
2021-09-15 22:10:05,592,25.59,78.062
2021-09-15 22:38:44,184,25.59,78.062
2021-09-16 13:12:33,584,19.81,67.658
2021-09-16 18:57:07,168,20.35,68.63
2021-09-16 19:02:09,824,20.35,68.63
2021-09-16 19:19:25,728,20.35,68.63
2021-09-16 19:23:35,536,20.35,68.63
2021-09-16 19:24:37,504,20.35,68.63
2021-09-16 19:37:44,600,20.35,68.63
2021-09-16 21:05:05,552,18.41,65.138
2021-09-16 22:45:09,560,18.41,65.138
2021-09-16 23:29:13,616,18.41,65.138
2021-09-17 14:32:03,560,20.1,68.18
2021-09-17 14:32:17,384,20.1,68.18
2021-09-17 14:32:37,296,20.1,68.18
2021-09-17 14:33:16,552,20.1,68.18
2021-09-17 18:54:25,656,20.1,68.18
2021-09-17 19:25:17,728,20.1,68.18
2021-09-17 19:38:44,576,20.1,68.18
2021-09-17 21:08:50,576,18.6,65.48
2021-09-17 21:26:51,808,18.6,65.48
2021-09-17 22:47:39,760,18.6,65.48
2021-09-17 23:52:00,824,18.6,65.48
2021-09-18 00:31:14,896,18.6,65.48
2021-09-20 13:50:09,632,14.87,58.766
2021-09-20 18:27:59,864,22.31,72.158
2021-09-20 19:16:47,848,22.31,72.158
2021-09-20 19:19:17,616,22.31,72.158
2021-09-20 21:00:20,664,17.65,63.77
2021-09-20 21:01:06,664,17.65,63.77
2021-09-20 22:15:30,672,17.65,63.77
2021-09-20 23:25:36,656,17.65,63.77
2021-09-21 07:06:44,688,14.28,57.704
2021-09-21 14:34:10,632,22.74,72.93199999999999
2021-09-21 19:19:19,656,22.74,72.93199999999999
2021-09-21 19:21:32,680,22.74,72.93199999999999
2021-09-21 21:00:20,656,20.62,69.116
2021-09-21 21:53:39,664,20.62,69.116
2021-09-21 21:55:27,664,20.62,69.116
2021-09-21 23:26:08,656,20.62,69.116
2021-09-22 07:08:22,720,20.58,69.044
2021-09-22 13:38:05,728,21.22,70.196
2021-09-22 18:58:25,672,24.44,75.992
2021-09-22 19:16:57,728,24.44,75.992
2021-09-22 19:37:08,704,24.44,75.992
2021-09-22 21:00:01,704,23.11,73.598
2021-09-22 21:37:18,704,23.11,73.598
2021-09-22 21:50:48,184,23.11,73.598
2021-09-22 23:58:03,712,23.11,73.598
2021-09-22 23:58:55,712,23.11,73.598
2021-09-22 23:59:58,688,23.11,73.598
2021-09-23 06:40:02,672,20.49,68.882
2021-09-23 13:27:43,648,21.62,70.916
2021-09-23 13:28:18,304,21.62,70.916
2021-09-23 19:18:56,712,26.61,79.898
2021-09-23 19:20:36,688,26.61,79.898
2021-09-23 21:00:50,712,23.76,74.768
2021-09-23 22:25:18,184,23.76,74.768
2021-09-23 22:26:43,712,23.76,74.768
2021-09-23 23:30:24,176,23.76,74.768
2021-09-24 11:17:40,720,24.22,75.596
2021-09-24 18:27:07,760,25.13,77.23400000000001
2021-09-24 19:09:17,784,25.13,77.23400000000001
2021-09-24 19:09:58,744,25.13,77.23400000000001
2021-09-24 19:18:35,808,25.13,77.23400000000001
2021-09-24 19:19:39,776,25.13,77.23400000000001
2021-09-24 19:30:06,760,25.13,77.23400000000001
2021-09-24 20:48:38,776,22.87,73.166
2021-09-24 23:29:15,824,22.87,73.166
2021-09-27 07:22:45,816,14.17,57.506
2021-09-27 08:46:05,344,14.6,58.28
2021-09-27 08:46:22,184,14.6,58.28
2021-09-27 18:13:00,808,22.67,72.80600000000001
2021-09-27 19:21:52,800,22.67,72.80600000000001
2021-09-27 19:23:57,816,22.67,72.80600000000001
2021-09-27 19:28:01,872,22.67,72.80600000000001
2021-09-27 21:08:38,888,20.89,69.602
2021-09-27 21:12:20,160,20.89,69.602
2021-09-27 21:12:49,296,20.89,69.602
2021-09-27 21:12:58,184,20.89,69.602
2021-09-27 21:13:18,288,20.89,69.602
2021-09-27 23:22:50,872,20.89,69.602
2021-09-27 23:23:33,880,20.89,69.602
2021-09-28 13:09:28,928,18.99,66.18199999999999
2021-09-28 18:41:35,920,19.7,67.46000000000001
2021-09-28 19:19:21,920,19.7,67.46000000000001
2021-09-28 19:25:48,944,19.7,67.46000000000001
2021-09-28 19:34:23,968,19.7,67.46000000000001
2021-09-28 20:55:52,920,18.49,65.282
2021-09-28 22:14:35,928,18.49,65.282
2021-09-28 22:15:16,936,18.49,65.282
2021-09-28 23:30:39,1000,18.49,65.282
2021-09-29 05:39:43,1016,13.24,55.832
2021-09-29 11:56:25,168,10.67,51.206
2021-09-29 13:45:05,984,10.67,51.206
2021-09-29 13:45:40,1304,10.67,51.206
2021-09-29 17:33:25,1344,17.49,63.482
2021-09-29 19:18:06,1392,17.49,63.482
2021-09-29 19:19:03,1072,17.49,63.482
2021-09-29 19:20:44,1080,17.49,63.482
2021-09-29 19:31:38,1152,17.49,63.482
2021-09-29 19:32:26,1064,17.49,63.482
2021-09-29 19:33:17,1024,17.49,63.482
2021-09-29 19:37:03,1032,17.49,63.482
2021-09-29 21:02:18,1024,15.18,59.324
2021-09-29 22:00:22,1112,15.18,59.324
2021-09-29 23:45:01,1128,15.18,59.324
2021-09-30 09:41:36,1144,11.71,53.078
2021-09-30 14:05:35,568,16.19,61.142
2021-09-30 14:06:20,1136,16.19,61.142
2021-09-30 18:21:44,1224,16.19,61.142
2021-09-30 19:14:37,1200,16.19,61.142
2021-09-30 19:22:31,1216,16.19,61.142
2021-09-30 19:27:14,1232,16.19,61.142
2021-09-30 21:05:59,1208,13.7,56.66
2021-09-30 22:24:40,1152,13.7,56.66
2021-10-01 07:24:43,1184,8.43,47.174
2021-10-01 07:24:43,1184,8.43,47.174
2021-10-01 13:06:32,1048,10.2,50.36
2021-10-01 13:06:32,1048,10.2,50.36
2021-10-01 18:43:32,1080,18.8,65.84
2021-10-01 18:43:32,1080,18.8,65.84
2021-10-01 18:44:08,1040,18.8,65.84
2021-10-01 18:44:08,1040,18.8,65.84
2021-10-01 19:22:02,1088,18.8,65.84
2021-10-01 19:22:02,1088,18.8,65.84
2021-10-01 19:37:30,1088,18.8,65.84
2021-10-01 19:37:30,1088,18.8,65.84
2021-10-01 20:58:17,1088,15.59,60.062
2021-10-01 20:58:17,1088,15.59,60.062
2021-10-01 23:40:18,1104,15.59,60.062
2021-10-01 23:40:18,1104,15.59,60.062
2021-10-06 10:49:38,576,13.58,56.444
2021-10-06 10:50:33,560,13.58,56.444
2021-10-06 10:53:13,544,13.58,56.444
2021-10-06 10:55:11,536,13.58,56.444
2021-10-06 10:55:48,528,13.58,56.444
2021-10-06 10:57:32,520,13.58,56.444
2021-10-06 13:22:43,512,13.58,56.444
2021-10-06 17:10:01,512,21.59,70.862
2021-10-06 19:03:48,520,21.59,70.862
2021-10-06 19:17:59,512,21.59,70.862
2021-10-06 19:32:19,512,21.59,70.862
2021-10-06 22:31:17,536,16.89,62.402
2021-10-07 12:50:27,464,13.72,56.696
2021-10-07 19:04:34,480,23.81,74.858
2021-10-07 19:18:54,480,23.81,74.858
2021-10-07 21:00:21,488,18.39,65.102
2021-10-07 21:38:06,496,18.39,65.102
2021-10-07 23:47:42,520,18.39,65.102
2021-10-08 07:29:57,560,14.2,57.56
2021-10-08 11:25:08,448,14.95,58.91
2021-10-08 13:19:41,456,14.95,58.91
2021-10-08 19:02:11,504,21.73,71.114
2021-10-08 19:02:46,488,21.73,71.114
2021-10-08 19:25:50,528,21.73,71.114
2021-10-08 20:56:48,512,15.99,60.782
2021-10-08 21:39:12,504,15.99,60.782
2021-10-08 22:48:41,184,15.99,60.782
2021-10-08 22:49:27,520,15.99,60.782
2021-10-12 12:39:51,488,13.32,55.976
2021-10-12 18:28:22,504,23.55,74.39
2021-10-12 18:50:13,512,23.55,74.39
2021-10-12 18:51:13,528,23.55,74.39
2021-10-12 19:17:14,480,23.55,74.39
2021-10-12 21:54:03,536,18.67,65.606
2021-10-12 21:54:40,488,18.67,65.606
2021-10-13 07:30:52,576,15.51,59.918
2021-10-13 13:00:18,272,15.18,59.324
2021-10-13 13:01:01,440,15.18,59.324
2021-10-13 19:03:34,480,24.63,76.334
2021-10-13 19:18:53,168,24.63,76.334
2021-10-13 19:19:38,464,24.63,76.334
2021-10-13 19:25:12,560,24.63,76.334
2021-10-13 19:26:38,560,24.63,76.334
2021-10-13 22:59:58,512,18.88,65.98400000000001
2021-10-13 23:00:38,584,18.88,65.98400000000001
2021-10-13 23:42:22,520,18.88,65.98400000000001
2021-10-14 13:06:32,576,15.89,60.602
2021-10-14 13:07:06,448,15.89,60.602
2021-10-14 13:08:13,448,15.89,60.602
2021-10-14 13:09:09,432,15.89,60.602
2021-10-14 13:10:38,376,15.89,60.602
2021-10-14 13:10:55,168,15.89,60.602
2021-10-14 13:11:28,464,15.89,60.602
2021-10-14 13:12:00,488,15.89,60.602
2021-10-14 13:12:49,408,15.89,60.602
2021-10-14 18:16:20,488,23.54,74.372
2021-10-14 19:02:21,488,23.54,74.372
2021-10-14 19:03:04,584,23.54,74.372
2021-10-14 19:06:08,624,23.54,74.372
2021-10-14 19:28:01,520,23.54,74.372
2021-10-14 21:02:24,576,19.19,66.542
2021-10-14 21:04:40,616,19.19,66.542
2021-10-14 21:05:18,176,19.19,66.542
2021-10-14 21:06:02,512,19.19,66.542
2021-10-14 21:06:48,560,19.19,66.542
2021-10-15 10:20:48,552,16.82,62.276
2021-10-15 13:10:19,688,16.82,62.276
2021-10-15 18:42:41,848,21.9,71.42
2021-10-15 19:19:02,752,21.9,71.42
2021-10-15 19:19:47,600,21.9,71.42
2021-10-15 23:15:18,624,19.2,66.56
2021-10-18 06:33:21,544,10.78,51.404
2021-10-18 07:31:02,880,10.78,51.404
2021-10-18 07:31:52,752,10.78,51.404
2021-10-18 13:16:55,712,10.18,50.324
2021-10-18 18:18:01,744,16.0,60.8
2021-10-18 19:02:30,160,16.0,60.8
2021-10-18 19:26:38,944,16.0,60.8
2021-10-18 19:29:02,752,16.0,60.8
2021-10-18 19:31:52,672,16.0,60.8
2021-10-18 21:03:38,856,11.45,52.61
2021-10-18 23:08:01,736,11.45,52.61
2021-10-19 07:11:44,936,5.91,42.638
2021-10-19 13:21:32,880,6.05,42.89
2021-10-19 19:12:31,864,15.98,60.764
2021-10-19 19:23:18,728,15.98,60.764
2021-10-19 19:24:15,792,15.98,60.764
2021-10-19 19:30:00,880,15.98,60.764
2021-10-19 19:39:22,840,15.98,60.764
2021-10-19 21:04:12,680,14.32,57.776
2021-10-19 22:07:38,904,14.32,57.776
2021-10-19 23:55:20,904,14.32,57.776
2021-10-20 12:48:01,816,12.82,55.076
2021-10-20 12:48:36,680,12.82,55.076
2021-10-20 18:28:41,864,21.67,71.006
2021-10-20 18:55:29,792,21.67,71.006
2021-10-20 19:19:59,712,21.67,71.006
2021-10-20 19:45:41,696,21.67,71.006
2021-10-20 21:38:40,824,16.76,62.168000000000006
2021-10-20 23:59:35,184,16.76,62.168000000000006
2021-10-21 07:35:51,760,17.03,62.654
2021-10-21 13:05:23,704,15.24,59.432
2021-10-21 17:45:33,688,23.89,75.00200000000001
2021-10-21 18:42:43,768,23.89,75.00200000000001
2021-10-21 18:57:28,736,23.89,75.00200000000001
2021-10-21 18:58:03,704,23.89,75.00200000000001
2021-10-21 23:29:13,728,18.27,64.886
2021-10-21 23:29:49,736,18.27,64.886
2021-10-21 23:45:45,720,18.27,64.886
2021-10-22 06:29:02,184,15.94,60.692
2021-10-22 06:30:04,184,15.94,60.692
2021-10-22 06:30:26,456,15.94,60.692
2021-10-22 06:32:04,776,15.94,60.692
2021-10-22 18:56:32,744,21.45,70.61
2021-10-22 19:28:59,760,21.45,70.61
2021-10-22 19:48:42,768,21.45,70.61
2021-10-22 21:41:57,832,17.55,63.59
2021-10-22 21:42:43,848,17.55,63.59
2021-10-22 22:22:03,800,17.55,63.59
2021-10-22 22:23:05,776,17.55,63.59
2021-10-22 22:24:03,744,17.55,63.59
2021-10-22 23:47:09,832,17.55,63.59
2021-10-25 11:46:45,856,10.94,51.692
2021-10-25 18:37:09,856,12.8,55.040000000000006
2021-10-25 19:20:40,904,12.8,55.040000000000006
2021-10-25 19:38:20,896,12.8,55.040000000000006
2021-10-25 19:50:28,896,12.8,55.040000000000006
2021-10-25 19:51:02,912,12.8,55.040000000000006
2021-10-25 21:44:19,896,11.94,53.492
2021-10-25 23:31:58,928,11.94,53.492
2021-10-25 23:32:33,888,11.94,53.492
2021-10-25 23:48:11,896,11.94,53.492
2021-10-26 13:45:14,920,13.95,57.11
2021-10-26 16:48:46,968,16.07,60.926
2021-10-26 19:09:05,952,16.07,60.926
2021-10-26 19:25:49,928,16.07,60.926
2021-10-26 21:35:16,920,12.88,55.184
2021-10-26 21:35:58,888,12.88,55.184
2021-10-26 21:36:53,864,12.88,55.184
2021-10-26 21:40:19,920,12.88,55.184
2021-10-27 16:32:41,992,6.24,43.232
2021-10-27 16:56:12,1032,6.24,43.232
2021-10-27 17:08:19,1008,6.24,43.232
2021-10-27 17:09:27,1016,6.24,43.232
2021-10-27 18:42:03,976,6.24,43.232
2021-10-27 19:13:24,968,6.24,43.232
2021-10-27 19:20:52,920,6.24,43.232
2021-10-27 19:47:27,960,6.24,43.232
2021-10-27 20:51:23,984,7.9,46.22
2021-10-27 21:39:30,1032,7.9,46.22
2021-10-27 21:40:10,944,7.9,46.22
2021-10-27 23:38:49,968,7.9,46.22
2021-11-02 06:44:15,1008,6.41,43.538
2021-11-02 06:45:02,952,6.41,43.538
2021-11-02 06:45:36,976,6.41,43.538
2021-11-02 06:47:14,1008,6.41,43.538
2021-11-02 06:47:49,1008,6.41,43.538
2021-11-02 06:49:30,1072,6.41,43.538
2021-11-02 06:50:03,1056,6.41,43.538
2021-11-02 07:21:29,1088,6.41,43.538
2021-11-02 13:32:35,968,6.66,43.988
2021-11-02 16:58:03,1008,13.64,56.55200000000001
2021-11-02 19:00:17,1016,13.64,56.55200000000001
2021-11-02 19:14:56,1000,13.64,56.55200000000001
2021-11-02 19:15:31,1008,13.64,56.55200000000001
2021-11-02 19:16:05,976,13.64,56.55200000000001
2021-11-02 19:19:23,1024,13.64,56.55200000000001
2021-11-02 20:11:38,1072,11.15,52.07
2021-11-02 21:34:03,1152,11.15,52.07
2021-11-02 23:33:37,1136,11.15,52.07
2021-11-03 07:31:38,1184,7.29,45.122
2021-11-03 19:05:28,1112,11.19,52.142
2021-11-03 19:24:49,1136,11.19,52.142
2021-11-03 19:25:58,1128,11.19,52.142
2021-11-03 21:02:50,1160,5.73,42.314
2021-11-03 21:35:11,1160,5.73,42.314
2021-11-03 23:04:20,1208,5.73,42.314
2021-11-03 23:51:44,424,5.73,42.314
2021-11-04 17:09:47,1200,10.13,50.234
2021-11-04 17:10:34,1184,10.13,50.234
2021-11-04 17:11:53,1208,10.13,50.234
2021-11-04 17:14:17,1192,10.13,50.234
2021-11-04 18:56:23,1232,10.13,50.234
2021-11-04 19:19:45,1264,10.13,50.234
2021-11-04 20:58:45,1240,6.74,44.132000000000005
2021-11-04 21:41:25,1320,6.74,44.132000000000005
2021-11-04 23:50:19,1280,6.74,44.132000000000005
2021-11-04 23:51:13,1280,6.74,44.132000000000005
2021-11-05 13:25:41,1248,0.32,32.576
2021-11-05 17:13:11,168,10.01,50.018
2021-11-05 17:13:54,1272,10.01,50.018
2021-11-05 17:27:47,1256,10.01,50.018
2021-11-05 18:57:31,1424,10.01,50.018
2021-11-05 18:58:12,1352,10.01,50.018
2021-11-05 18:59:08,1328,10.01,50.018
2021-11-05 19:22:11,1328,10.01,50.018
2021-11-05 21:33:57,1376,6.33,43.394
2021-11-05 21:35:01,1328,6.33,43.394
2021-11-05 21:35:46,1272,6.33,43.394
2021-11-05 22:23:48,1320,6.33,43.394
2021-11-05 22:29:17,1352,6.33,43.394
2021-11-10 05:17:56,632,13.05,55.49
2021-11-10 06:39:45,632,13.05,55.49
2021-11-10 06:41:22,608,13.05,55.49
2021-11-10 06:42:57,600,13.05,55.49
2021-11-10 06:44:36,592,13.05,55.49
2021-11-10 06:45:09,576,13.05,55.49
2021-11-10 06:46:58,568,13.05,55.49
2021-11-10 13:25:46,576,15.95,60.71
2021-11-10 13:26:16,344,15.95,60.71
2021-11-10 13:26:52,552,15.95,60.71
2021-11-10 19:03:38,592,11.68,53.024
2021-11-10 19:30:54,592,11.68,53.024
2021-11-10 21:06:54,608,11.68,53.024
2021-11-10 21:27:31,600,11.68,53.024
2021-11-10 21:52:26,600,11.68,53.024
2021-11-10 23:54:15,632,11.68,53.024
2021-11-11 19:09:45,632,9.17,48.506
2021-11-11 22:49:52,648,9.17,48.506
2021-11-11 22:50:54,624,9.17,48.506
2021-11-12 13:07:29,608,16.24,61.232
2021-11-12 18:07:19,584,16.24,61.232
2021-11-12 18:54:49,576,16.24,61.232
2021-11-12 19:22:21,328,15.62,60.116
2021-11-12 19:23:58,184,15.62,60.116
2021-11-12 19:48:45,568,15.62,60.116
2021-11-12 19:49:23,552,15.62,60.116
2021-11-12 23:37:15,608,15.62,60.116
2021-11-14 13:58:10,632,8.58,47.444
2021-11-14 13:59:01,616,8.58,47.444
2021-11-15 17:14:57,688,7.39,45.302
2021-11-15 19:13:16,704,4.27,39.686
2021-11-15 19:27:24,688,4.27,39.686
2021-11-15 20:32:46,704,4.27,39.686
2021-11-15 23:41:58,744,4.27,39.686
2021-11-16 07:48:27,808,-0.4499999999999999,31.19
2021-11-16 13:04:12,680,6.68,44.024
2021-11-16 17:22:57,704,6.68,44.024
2021-11-16 19:25:21,768,3.56,38.408
2021-11-16 19:26:04,752,3.56,38.408
2021-11-16 20:23:34,784,3.56,38.408
2021-11-16 20:59:25,760,3.56,38.408
2021-11-16 22:18:48,768,3.56,38.408
2021-11-16 22:59:03,192,3.56,38.408
2021-11-17 18:29:04,856,8.54,47.372
2021-11-17 19:09:54,760,4.94,40.892
2021-11-17 19:10:38,680,4.94,40.892
2021-11-17 19:21:04,680,4.94,40.892
2021-11-17 19:28:02,712,4.94,40.892
2021-11-17 21:09:12,736,4.94,40.892
2021-11-17 22:31:45,752,4.94,40.892
2021-11-17 23:13:34,824,4.94,40.892
2021-11-18 13:33:45,736,21.13,70.03399999999999
2021-11-18 18:19:33,720,21.13,70.03399999999999
2021-11-18 18:59:33,656,21.13,70.03399999999999
2021-11-18 19:00:34,416,14.88,58.784000000000006
2021-11-18 19:26:46,704,14.88,58.784000000000006
2021-11-18 23:26:14,848,14.88,58.784000000000006
2021-11-18 23:28:38,592,14.88,58.784000000000006
2021-11-18 23:30:21,584,14.88,58.784000000000006
2021-11-19 12:00:12,904,2.68,36.824
2021-11-19 12:00:46,744,2.68,36.824
2021-11-19 13:24:49,912,4.75,40.55
2021-11-19 16:40:11,952,4.75,40.55
2021-11-19 18:59:32,904,4.75,40.55
2021-11-19 19:02:19,800,1.76,35.168
2021-11-19 19:25:33,904,1.76,35.168
2021-11-19 20:57:51,896,1.76,35.168
2021-11-19 20:58:24,720,1.76,35.168
2021-11-19 23:26:51,784,1.76,35.168
2021-11-22 06:44:30,616,12.54,54.572
2021-11-22 06:45:24,792,12.54,54.572
2021-11-22 07:33:47,768,12.7,54.86
2021-11-22 13:11:59,712,11.89,53.402
2021-11-22 14:26:00,696,11.89,53.402
2021-11-22 17:36:41,712,11.89,53.402
2021-11-22 19:22:51,1080,4.09,39.362
2021-11-22 19:27:05,768,4.09,39.362
2021-11-22 19:32:14,768,4.09,39.362
2021-11-22 23:36:27,816,4.09,39.362
2021-11-22 23:46:53,792,4.09,39.362
2021-11-23 17:46:13,904,0.04,32.072
2021-11-23 18:53:28,920,0.04,32.072
2021-11-23 19:00:00,912,-4.65,23.63
2021-11-23 19:21:21,920,-4.65,23.63
2021-11-23 19:21:55,888,-4.65,23.63
2021-11-23 21:47:48,1040,-4.65,23.63
2021-11-23 23:01:39,1024,-4.65,23.63
2021-11-23 23:02:52,200,-4.65,23.63
2021-11-23 23:03:42,960,-4.65,23.63
2021-11-23 23:04:21,1032,-4.65,23.63
2021-11-24 15:55:18,944,2.57,36.626
2021-11-24 17:18:00,944,2.57,36.626
2021-11-24 17:19:36,200,2.57,36.626
2021-11-24 17:19:48,200,2.57,36.626
2021-11-24 17:42:12,912,2.57,36.626
2021-11-24 18:53:10,936,2.57,36.626
2021-11-24 19:37:05,1072,0.02,32.036
2021-11-24 19:38:33,928,0.02,32.036
2021-11-24 21:10:24,944,0.02,32.036
2021-11-24 21:45:51,936,0.02,32.036
2021-11-24 23:30:10,1112,0.02,32.036
2021-11-25 13:20:23,200,11.98,53.564
2021-11-29 06:40:35,1280,2.24,36.032
2021-11-29 06:48:22,1440,2.24,36.032
2021-11-29 06:50:37,1120,2.24,36.032
2021-11-29 19:18:48,1064,-3.51,25.682
2021-11-29 19:19:45,200,-3.51,25.682
2021-11-29 19:27:38,1128,-3.51,25.682
2021-11-29 19:32:54,1080,-3.51,25.682
2021-11-29 20:16:11,1216,-3.51,25.682
2021-11-29 21:03:53,1192,-3.51,25.682
2021-11-29 23:44:48,1368,-3.51,25.682
2021-11-30 11:17:19,1104,-7.6,18.32
2021-11-30 11:18:15,984,-7.6,18.32
2021-11-30 11:18:50,952,-7.6,18.32
2021-11-30 11:19:29,896,-7.6,18.32
2021-11-30 12:46:02,912,-7.6,18.32
2021-11-30 19:02:22,1064,0.91,33.638
2021-11-30 19:28:10,1104,0.91,33.638
2021-11-30 19:34:26,1056,0.91,33.638
2021-11-30 19:35:19,1032,0.91,33.638
2021-11-30 19:36:06,992,0.91,33.638
2021-11-30 19:38:43,984,0.91,33.638
2021-11-30 21:03:41,1080,0.91,33.638
2021-11-30 21:14:22,1080,0.91,33.638
2021-12-01 18:04:23,1184,5.4,41.72
2021-12-01 18:46:06,1160,5.4,41.72
2021-12-01 19:21:46,1120,3.1,37.58
2021-12-01 19:27:33,1136,3.1,37.58
2021-12-01 19:30:09,1048,3.1,37.58
2021-12-01 21:38:33,1144,3.1,37.58
2021-12-01 23:30:05,1144,3.1,37.58
2021-12-02 13:17:04,1032,15.49,59.882000000000005
2021-12-02 15:53:09,1008,15.49,59.882000000000005
2021-12-02 19:20:58,1080,12.83,55.094
2021-12-02 19:21:42,1056,12.83,55.094
2021-12-02 19:29:52,1048,12.83,55.094
2021-12-02 19:36:22,1016,12.83,55.094
2021-12-02 20:33:26,1000,12.83,55.094
2021-12-02 21:33:53,984,12.83,55.094
2021-12-02 21:35:50,1000,12.83,55.094
2021-12-03 09:33:44,1152,1.38,34.484
2021-12-03 12:47:10,1104,1.38,34.484
2021-12-03 18:19:38,1144,1.73,35.114
2021-12-03 19:24:15,1120,-0.61,30.902
2021-12-03 19:27:20,1120,-0.61,30.902
2021-12-03 19:30:52,1136,-0.61,30.902
2021-12-03 19:33:07,1112,-0.61,30.902
2021-12-03 19:33:41,1072,-0.61,30.902
2021-12-03 20:29:41,1216,-0.61,30.902
2021-12-05 07:39:11,1288,2.4,36.32
2021-12-05 07:39:57,1272,2.4,36.32
2021-12-06 15:53:51,1064,16.12,61.016000000000005
2021-12-06 16:05:02,1088,16.12,61.016000000000005
2021-12-06 18:02:51,1048,16.12,61.016000000000005
2021-12-06 19:25:30,1064,16.15,61.06999999999999
2021-12-06 19:28:23,1056,16.15,61.06999999999999
2021-12-06 19:29:28,1064,16.15,61.06999999999999
2021-12-06 19:31:39,1096,16.15,61.06999999999999
2021-12-06 22:48:04,1104,16.15,61.06999999999999
2021-12-06 22:48:38,1112,16.15,61.06999999999999
2021-12-06 22:50:04,1072,16.15,61.06999999999999
2021-12-06 23:37:40,1096,16.15,61.06999999999999
2021-12-07 13:45:13,1184,3.47,38.246
2021-12-07 18:25:05,1232,3.47,38.246
2021-12-07 19:22:50,1240,1.37,34.466
2021-12-07 19:26:29,1256,1.37,34.466
2021-12-07 19:30:09,1264,1.37,34.466
2021-12-07 19:33:13,1336,1.37,34.466
2021-12-07 19:54:02,1320,1.37,34.466
2021-12-07 23:41:15,1384,1.37,34.466
2021-12-08 05:53:39,1408,-0.91,30.362
2021-12-08 05:54:22,1312,-0.91,30.362
2021-12-08 11:26:29,1328,1.3,34.34
2021-12-08 11:26:41,200,1.3,34.34
2021-12-08 11:26:54,200,1.3,34.34
2021-12-08 11:28:58,1216,1.3,34.34
2021-12-08 15:59:58,1344,0.41,32.738
2021-12-08 16:45:10,1344,0.41,32.738
2021-12-08 18:25:46,1288,0.41,32.738
2021-12-08 19:06:41,1328,-3.53,25.646
2021-12-08 19:14:59,1352,-3.53,25.646
2021-12-08 19:27:02,1392,-3.53,25.646
2021-12-08 19:27:53,1352,-3.53,25.646
2021-12-08 20:46:30,1392,-3.53,25.646
2021-12-08 21:10:40,1376,-3.53,25.646
2021-12-09 09:20:10,1504,-5.3,22.46
2021-12-09 09:21:02,1400,-5.3,22.46
2021-12-09 09:21:36,1352,-5.3,22.46
2021-12-09 09:22:10,1304,-5.3,22.46
2021-12-09 12:35:36,1368,-5.3,22.46
2021-12-09 16:01:23,1368,-0.12,31.784
2021-12-09 19:22:43,1424,-1.87,28.634
2021-12-09 19:24:15,1440,-1.87,28.634
2021-12-09 19:38:45,1456,-1.87,28.634
2021-12-09 21:25:42,1472,-1.87,28.634
2021-12-09 23:30:33,1536,-1.87,28.634
2021-12-09 23:36:05,1488,-1.87,28.634
2021-12-10 12:05:18,1552,1.39,34.502
2021-12-10 13:08:22,1504,4.2,39.56
2021-12-10 17:29:27,1464,4.2,39.56
2021-12-10 19:19:18,1448,2.45,36.41
2021-12-10 19:27:14,1496,2.45,36.41
2021-12-10 19:27:53,1368,2.45,36.41
2021-12-10 19:28:29,1312,2.45,36.41
2021-12-10 19:29:19,1400,2.45,36.41
2021-12-10 19:29:55,1368,2.45,36.41
2021-12-10 19:30:43,1360,2.45,36.41
2021-12-10 20:55:02,1432,2.45,36.41
2021-12-10 21:39:32,1392,2.45,36.41
2021-12-10 21:43:56,1344,2.45,36.41
2021-12-13 13:55:23,752,8.11,46.598
2021-12-13 18:40:46,728,8.11,46.598
2021-12-13 21:03:42,720,6.39,43.502
2021-12-13 23:22:57,728,6.39,43.502
2021-12-14 18:12:53,728,10.28,50.504
2021-12-14 19:28:25,728,3.47,38.246
2021-12-14 21:40:08,752,3.47,38.246
2021-12-14 23:22:54,768,3.47,38.246
2021-12-15 11:32:09,824,-0.02,31.964
2021-12-15 19:14:41,768,2.63,36.734
2021-12-15 19:28:41,752,2.63,36.734
2021-12-15 22:40:02,752,2.63,36.734
2021-12-15 22:47:41,736,2.63,36.734
2021-12-16 12:55:45,648,12.88,55.184
2021-12-16 16:45:43,624,14.57,58.226
2021-12-16 18:58:18,616,14.57,58.226
2021-12-16 19:45:40,616,13.56,56.408
2021-12-16 22:51:08,192,13.56,56.408
2021-12-17 16:01:45,624,13.94,57.092
2021-12-17 16:13:59,616,13.94,57.092
2021-12-17 16:49:44,616,13.94,57.092
2021-12-17 18:31:24,624,13.94,57.092
2021-12-17 19:15:48,624,10.43,50.774
2021-12-17 19:20:56,616,10.43,50.774
2021-12-17 19:31:05,624,10.43,50.774
2021-12-17 21:09:00,632,10.43,50.774
2021-12-17 23:17:24,664,10.43,50.774
2021-12-17 23:27:42,656,10.43,50.774
2022-01-19 12:15:26,1216,-10.14,13.747999999999998
2022-01-19 17:21:07,1144,2.58,36.644
2022-01-19 18:59:30,1160,2.58,36.644
2022-01-19 19:02:07,1112,3.15,37.67
2022-01-19 20:58:09,1152,3.15,37.67
2022-01-19 20:58:49,1088,3.15,37.67
2022-01-19 23:37:52,1152,3.15,37.67
2022-01-20 12:44:59,1272,0.49,32.882
2022-01-20 12:45:33,1248,0.49,32.882
2022-01-20 12:46:06,1152,0.49,32.882
2022-01-20 19:08:31,1336,-5.82,21.524
2022-01-20 19:37:36,1368,-5.82,21.524
2022-01-20 19:38:22,1272,-5.82,21.524
2022-01-20 21:16:38,1320,-5.82,21.524
2022-01-20 22:17:11,1376,-5.82,21.524
2022-01-24 14:04:29,1464,-3.41,25.862
2022-01-24 14:05:18,1400,-3.41,25.862
2022-01-24 14:05:52,1368,-3.41,25.862
2022-01-24 14:06:27,1344,-3.41,25.862
2022-01-24 14:07:01,1320,-3.41,25.862
2022-01-24 14:09:36,1376,-3.41,25.862
2022-01-24 14:10:09,1368,-3.41,25.862
2022-01-24 14:11:22,1352,-3.41,25.862
2022-01-24 14:11:57,1320,-3.41,25.862
2022-01-24 14:15:08,1336,-3.41,25.862
2022-01-24 14:15:52,1320,-3.41,25.862
2022-01-24 14:34:17,1360,-3.41,25.862
2022-01-24 19:30:09,1560,-4.05,24.71
2022-01-24 19:39:30,1488,-4.05,24.71
2022-01-24 19:42:33,1440,-4.05,24.71
2022-01-24 19:43:14,1424,-4.05,24.71
2022-01-24 21:39:55,1456,-4.05,24.71
2022-01-24 22:25:24,1448,-4.05,24.71
2022-01-25 06:41:38,1488,-3.77,25.214
2022-01-25 07:39:52,1544,-0.63,30.866
2022-01-25 09:51:31,1448,-0.63,30.866
2022-01-25 09:52:32,1336,-0.63,30.866
2022-01-25 19:34:06,1408,-2.34,27.788
2022-01-25 19:48:07,1416,-2.34,27.788
2022-01-25 19:54:26,1448,-2.34,27.788
2022-01-25 19:55:23,1408,-2.34,27.788
2022-01-25 20:06:32,1400,-2.34,27.788
2022-01-25 21:53:32,1464,-2.34,27.788
2022-01-25 22:44:24,1464,-2.34,27.788
2022-01-26 09:15:27,1536,-11.59,11.137999999999998
2022-01-26 09:16:01,1376,-11.59,11.137999999999998
2022-01-26 09:16:35,1312,-11.59,11.137999999999998
2022-01-26 09:17:11,1256,-11.59,11.137999999999998
2022-01-26 09:17:44,1208,-11.59,11.137999999999998
2022-01-26 09:18:19,1160,-11.59,11.137999999999998
2022-01-26 12:19:10,1200,-11.59,11.137999999999998
2022-01-26 12:20:29,1160,-11.59,11.137999999999998
2022-01-27 09:57:22,640,-17.08,1.2560000000000038
2022-01-27 09:57:56,1120,-17.08,1.2560000000000038
2022-01-27 09:58:46,192,-17.08,1.2560000000000038
2022-01-27 10:55:33,504,-17.08,1.2560000000000038
2022-01-27 10:58:46,848,-17.08,1.2560000000000038
2022-01-27 14:20:34,944,-8.89,15.997999999999998
2022-01-27 14:22:48,912,-8.89,15.997999999999998
2022-01-27 19:08:53,1064,-7.98,17.636
2022-01-27 19:41:22,1048,-7.98,17.636
2022-01-27 21:19:54,1072,-7.98,17.636
2022-01-28 06:32:19,1064,-7.63,18.266
2022-01-28 06:33:00,1016,-7.63,18.266
2022-01-28 06:33:44,192,-7.63,18.266
2022-01-28 19:07:13,960,-0.88,30.416
2022-01-28 19:25:32,928,-0.88,30.416
2022-01-28 21:27:42,936,-0.88,30.416
2022-01-28 22:03:57,920,-0.88,30.416
2022-02-02 09:59:43,992,0.21,32.378
2022-02-02 10:08:00,944,0.21,32.378
2022-02-02 10:09:45,896,0.21,32.378
2022-02-02 10:10:20,856,0.21,32.378
2022-02-02 10:12:06,832,0.21,32.378
2022-02-02 10:12:42,800,0.21,32.378
2022-02-02 10:13:59,776,0.21,32.378
2022-02-02 13:12:03,840,6.46,43.628
2022-02-02 13:13:20,808,6.46,43.628
2022-02-02 13:14:34,776,6.46,43.628
2022-02-02 13:15:38,752,6.46,43.628
2022-02-02 13:16:39,728,6.46,43.628
2022-02-02 13:17:25,704,6.46,43.628
2022-02-02 19:35:58,840,5.11,41.198
2022-02-02 19:36:39,800,5.11,41.198
2022-02-02 22:55:59,848,5.11,41.198
2022-02-03 09:21:16,864,3.37,38.066
2022-02-03 10:32:54,832,3.37,38.066
2022-02-03 10:53:05,800,3.37,38.066
2022-02-03 13:31:03,768,7.91,46.238
2022-02-03 18:52:46,776,7.91,46.238
2022-02-03 20:09:29,768,5.16,41.288
2022-02-03 20:15:08,736,5.16,41.288
2022-02-03 20:37:37,792,5.16,41.288
2022-02-03 21:20:45,744,5.16,41.288
2022-02-03 21:21:22,688,5.16,41.288
2022-02-04 19:33:37,1032,-8.87,16.034
2022-02-07 08:57:08,1088,-3.63,25.466
2022-02-07 08:59:47,984,-3.63,25.466
2022-02-07 15:03:50,904,4.01,39.218
2022-02-07 19:37:42,936,1.2,34.16
2022-02-07 19:39:30,864,1.2,34.16
2022-02-07 21:48:23,544,1.2,34.16
2022-02-08 06:46:41,904,2.42,36.356
2022-02-08 13:27:19,872,1.22,34.196
2022-02-08 13:27:54,824,1.22,34.196
2022-02-08 19:33:36,920,0.47,32.846
2022-02-08 19:34:31,824,0.47,32.846
2022-02-08 19:35:52,784,0.47,32.846
2022-02-08 22:02:34,856,0.47,32.846
2022-02-08 22:03:11,808,0.47,32.846
2022-02-09 06:39:53,976,-2.93,26.726
2022-02-09 19:39:21,808,-0.05,31.91
2022-02-09 19:53:32,800,-0.05,31.91
2022-02-09 19:54:09,760,-0.05,31.91
2022-02-09 21:52:00,816,-0.05,31.91
2022-02-09 21:55:26,936,-0.05,31.91
2022-02-09 21:57:04,880,-0.05,31.91
2022-02-10 07:04:14,928,1.85,35.33
2022-02-10 07:35:20,896,1.85,35.33
2022-02-10 07:51:31,896,1.85,35.33
2022-02-10 07:58:39,968,1.85,35.33
2022-02-10 08:32:52,984,1.85,35.33
2022-02-10 08:58:30,1008,1.85,35.33
2022-02-10 12:55:10,936,1.85,35.33
2022-02-10 13:10:51,944,10.87,51.566
2022-02-10 13:11:26,720,10.87,51.566
2022-02-10 13:52:44,736,10.87,51.566
2022-02-10 13:53:17,784,10.87,51.566
2022-02-10 19:45:54,744,5.53,41.954
2022-02-10 19:46:51,752,5.53,41.954
2022-02-10 19:49:11,760,5.53,41.954
2022-02-10 22:44:02,904,5.53,41.954
2022-02-11 09:16:08,848,-1.03,30.146
2022-02-11 18:18:42,744,11.6,52.88
2022-02-11 19:22:29,760,5.89,42.602
2022-02-11 19:23:09,888,5.89,42.602
2022-02-11 19:24:22,752,5.89,42.602
2022-02-11 21:33:29,800,5.89,42.602
2022-02-11 23:35:53,808,5.89,42.602
2022-02-12 17:03:25,760,15.79,60.422
2022-02-14 15:32:43,104,-12.1,10.22
2022-02-15 13:00:25,640,-8.34,16.988
2022-02-15 13:01:30,1200,-8.34,16.988
2022-02-15 13:02:06,1144,-8.34,16.988
2022-02-15 13:03:23,992,-8.34,16.988
2022-02-15 13:05:07,1168,-8.34,16.988
2022-02-15 13:05:50,1152,-8.34,16.988
2022-02-15 13:06:24,1032,-8.34,16.988
2022-02-15 19:10:42,1088,-7.26,18.932
2022-02-15 19:36:15,1200,-7.26,18.932
2022-02-15 19:36:56,1024,-7.26,18.932
2022-02-15 19:38:43,1200,-7.26,18.932
2022-02-15 22:47:59,1288,-7.26,18.932
2022-02-15 22:48:36,1120,-7.26,18.932
2022-02-16 06:49:25,1264,-6.96,19.472
2022-02-16 08:31:45,1232,-12.19,10.058
2022-02-16 08:32:19,1048,-12.19,10.058
2022-02-16 08:32:53,1016,-12.19,10.058
2022-02-16 08:33:28,960,-12.19,10.058
2022-02-16 08:35:18,984,-12.19,10.058
2022-02-16 08:36:02,952,-12.19,10.058
2022-02-16 08:37:53,912,-12.19,10.058
2022-02-16 08:40:30,896,-12.19,10.058
2022-02-16 08:49:44,1000,-12.19,10.058
2022-02-16 10:58:59,944,-12.19,10.058
2022-02-16 10:59:34,904,-12.19,10.058
2022-02-16 11:00:31,864,-12.19,10.058
2022-02-16 11:04:25,792,-12.19,10.058
2022-02-16 19:40:19,944,1.8,35.24
2022-02-16 19:41:01,944,1.8,35.24
2022-02-16 23:11:21,968,1.8,35.24
2022-02-16 23:12:13,944,1.8,35.24
2022-02-16 23:13:05,936,1.8,35.24
2022-02-16 23:15:48,896,1.8,35.24
2022-02-17 09:09:37,840,7.25,45.05
2022-02-17 09:16:58,784,7.25,45.05
2022-02-17 13:59:32,776,15.71,60.278000000000006
2022-02-17 19:26:36,912,14.08,57.344
2022-02-18 07:56:30,880,16.21,61.178
2022-02-18 21:28:37,1272,-4.6,23.72
2022-02-22 14:45:52,952,5.91,42.638
2022-02-22 18:40:55,984,5.91,42.638
2022-02-22 18:41:44,872,5.91,42.638
2022-02-22 23:01:07,1008,10.46,50.828
2022-02-22 23:01:44,984,10.46,50.828
2022-02-23 19:18:27,1000,2.71,36.878
2022-02-23 21:51:30,936,2.71,36.878
2022-02-24 09:45:08,1216,-10.29,13.478000000000002
2022-02-24 19:15:55,1160,-1.98,28.436
2022-02-24 21:22:27,1184,-1.98,28.436
2022-02-24 21:23:11,1208,-1.98,28.436
2022-03-15 08:09:07,928,6.59,43.862
2022-03-15 08:10:24,960,6.59,43.862
2022-03-15 08:14:52,1008,6.59,43.862
2022-03-15 08:28:46,1000,6.59,43.862
2022-03-15 10:16:55,944,6.59,43.862
2022-03-15 10:17:46,872,6.59,43.862
2022-03-15 10:18:30,864,6.59,43.862
2022-03-15 13:09:00,840,6.59,43.862
2022-03-15 13:39:17,888,6.59,43.862
2022-03-15 13:47:20,976,6.59,43.862
2022-03-15 13:49:20,1016,6.59,43.862
2022-03-15 18:21:34,1064,15.99,60.782
2022-03-15 18:22:07,960,15.99,60.782
2022-03-15 23:01:11,1056,5.07,41.126000000000005
2022-03-16 06:49:25,1176,4.04,39.272
2022-03-16 06:50:35,1088,4.04,39.272
2022-03-16 07:02:27,1016,4.04,39.272
2022-03-16 09:39:32,1008,2.68,36.824
2022-03-16 11:49:52,1144,2.68,36.824
2022-03-16 19:02:06,1112,10.54,50.972
2022-03-16 21:44:07,1000,7.75,45.95
2022-03-17 15:15:11,1072,10.76,51.368
2022-03-17 19:34:33,1032,10.76,51.368
2022-03-17 19:36:31,1000,10.76,51.368
2022-03-17 19:38:39,1040,10.76,51.368
2022-03-17 19:54:42,1040,10.76,51.368
2022-03-17 20:25:02,1064,9.92,49.856
2022-03-17 23:13:04,1064,9.92,49.856
2022-03-18 15:48:27,944,22.04,71.672
2022-03-18 18:37:19,984,22.04,71.672
2022-03-18 18:57:39,960,22.04,71.672
2022-03-18 19:03:36,976,22.04,71.672
2022-03-18 19:12:39,928,22.04,71.672
2022-03-18 21:12:17,960,18.03,64.45400000000001
2022-03-18 22:29:03,960,18.03,64.45400000000001
2022-03-18 22:29:37,944,18.03,64.45400000000001
2022-03-18 22:31:13,920,18.03,64.45400000000001
2022-03-21 19:20:32,1024,13.59,56.462
2022-03-21 19:44:10,960,13.59,56.462
2022-03-21 19:45:09,928,13.59,56.462
2022-03-21 19:46:40,936,13.59,56.462
2022-03-21 20:30:34,880,11.31,52.358
2022-03-21 23:10:59,928,11.31,52.358
2022-03-22 12:15:48,192,-0.24,31.568
2022-03-22 12:16:30,952,-0.24,31.568
2022-03-22 19:05:09,1024,6.99,44.582
2022-03-22 19:18:05,1048,6.99,44.582
2022-03-22 19:39:00,1072,6.99,44.582
2022-03-22 19:39:38,1048,6.99,44.582
2022-03-22 19:41:22,1064,6.99,44.582
2022-03-22 19:42:02,1072,6.99,44.582
2022-03-22 21:16:04,1112,4.24,39.632
2022-03-22 22:20:10,1312,4.24,39.632
2022-03-22 22:20:21,424,4.24,39.632
2022-03-22 22:20:49,152,4.24,39.632
2022-03-22 22:21:52,192,4.24,39.632
2022-03-22 22:22:41,1072,4.24,39.632
2022-03-23 07:10:24,1208,-0.5,31.1
2022-03-23 18:01:44,1104,5.35,41.63
2022-03-23 21:27:19,1096,4.54,40.172
2022-03-23 21:27:59,1128,4.54,40.172
2022-03-23 21:29:18,1112,4.54,40.172
2022-03-23 22:01:25,1128,4.54,40.172
2022-03-23 23:04:40,1152,4.54,40.172
2022-03-24 16:57:45,1192,3.6,38.48
2022-03-24 19:42:12,1232,3.6,38.48
2022-03-24 20:01:49,1200,4.17,39.506
2022-03-24 20:02:27,1200,4.17,39.506
2022-03-24 20:03:39,1216,4.17,39.506
2022-03-24 21:58:33,1224,4.17,39.506
2022-03-24 21:59:20,1208,4.17,39.506
2022-03-25 06:35:33,1256,1.64,34.952
2022-03-25 15:48:36,1152,13.76,56.768
2022-03-25 17:06:03,1136,13.76,56.768
2022-03-25 18:40:46,1176,13.76,56.768
2022-03-25 19:04:09,1144,13.76,56.768
2022-03-25 22:22:25,1176,12.64,54.752
2022-03-25 22:23:43,1184,12.64,54.752
2022-03-28 07:17:09,952,-6.62,20.084
2022-03-28 07:18:56,904,-6.62,20.084
2022-03-28 08:17:18,936,-10.14,13.747999999999998
2022-03-28 13:03:13,816,-10.14,13.747999999999998
2022-03-28 19:37:44,904,-5.42,22.244
2022-03-28 19:38:22,864,-5.42,22.244
2022-03-28 23:39:53,1000,-8.28,17.096
2022-03-29 06:56:47,1184,-13.45,7.789999999999999
2022-03-29 16:36:55,872,-2.59,27.338
2022-03-29 19:56:39,880,-2.59,27.338
2022-03-29 19:57:13,832,-2.59,27.338
2022-03-29 22:01:10,880,-2.57,27.374
2022-03-29 22:02:22,832,-2.57,27.374
2022-03-30 13:28:39,728,-5.49,22.118
2022-03-30 14:09:59,712,6.41,43.538
2022-03-30 18:58:20,696,6.41,43.538
2022-03-30 19:42:01,688,6.41,43.538
2022-03-30 23:25:18,704,7.29,45.122
2022-03-30 23:25:54,680,7.29,45.122
2022-03-30 23:26:35,664,7.29,45.122
2022-03-31 18:55:02,328,17.95,64.31
2022-03-31 19:44:32,184,17.95,64.31
2022-03-31 19:45:20,552,17.95,64.31
2022-03-31 19:46:16,544,17.95,64.31
2022-03-31 20:36:55,544,17.96,64.328
2022-03-31 21:34:42,544,17.96,64.328
2022-04-01 08:14:31,592,14.55,58.19
2022-04-01 08:14:31,592,14.55,58.19
2022-04-01 08:19:12,576,14.55,58.19
2022-04-01 08:19:12,576,14.55,58.19
2022-04-01 12:56:10,584,14.55,58.19
2022-04-01 12:56:10,584,14.55,58.19
2022-04-01 18:30:19,608,14.47,58.04600000000001
2022-04-01 18:30:19,608,14.47,58.04600000000001
2022-04-01 18:31:03,592,14.47,58.04600000000001
2022-04-01 18:31:03,592,14.47,58.04600000000001
2022-04-01 18:49:05,592,14.47,58.04600000000001
2022-04-01 18:49:05,592,14.47,58.04600000000001
2022-04-03 00:07:32,680,9.31,48.758
2022-04-03 00:08:04,672,9.31,48.758
2022-04-03 00:08:36,648,9.31,48.758
2022-04-04 14:29:51,656,12.5,54.5
2022-04-04 18:31:28,656,12.5,54.5
2022-04-04 18:32:05,608,12.5,54.5
2022-04-04 19:38:48,624,12.5,54.5
2022-04-04 19:40:03,600,12.5,54.5
2022-04-04 22:59:59,704,11.29,52.322
2022-04-04 23:01:07,632,11.29,52.322
2022-04-05 14:25:41,640,15.65,60.17
2022-04-05 19:39:12,640,15.65,60.17
2022-04-05 19:47:53,632,15.65,60.17
2022-04-05 19:48:32,552,15.65,60.17
2022-04-05 19:50:09,544,15.65,60.17
2022-04-05 22:01:53,592,12.15,53.870000000000005
2022-04-06 14:17:13,696,5.14,41.252
2022-04-06 19:40:39,696,5.14,41.252
2022-04-06 19:42:30,688,5.14,41.252
2022-04-06 23:11:33,832,6.07,42.926
2022-04-06 23:34:25,688,6.07,42.926
2022-04-06 23:35:05,784,6.07,42.926
2022-04-07 14:53:43,680,7.11,44.798
2022-04-07 15:50:00,688,7.11,44.798
2022-04-07 16:35:22,824,7.11,44.798
2022-04-07 19:34:37,664,7.11,44.798
2022-04-07 19:35:19,720,7.11,44.798
2022-04-07 19:36:10,640,7.11,44.798
2022-04-07 19:44:35,640,7.11,44.798
2022-04-07 22:33:52,760,4.7,40.46
2022-04-07 22:34:26,672,4.7,40.46
2022-04-08 14:14:09,584,15.39,59.702
2022-04-08 18:46:30,768,15.39,59.702
2022-04-08 19:30:21,792,15.39,59.702
2022-04-08 19:30:56,736,15.39,59.702
2022-04-08 21:07:58,776,14.05,57.290000000000006
2022-04-08 23:36:37,720,14.05,57.290000000000006
2022-04-10 22:41:07,832,6.37,43.466
2022-04-11 14:18:10,648,15.74,60.332
2022-04-11 18:37:50,632,15.74,60.332
2022-04-11 19:35:57,672,15.74,60.332
2022-04-11 19:45:43,640,15.74,60.332
2022-04-11 22:34:58,672,14.16,57.488
2022-04-11 22:35:33,784,14.16,57.488
2022-04-12 06:36:53,728,10.72,51.29600000000001
2022-04-12 13:45:25,736,12.02,53.636
2022-04-12 18:59:15,848,16.2,61.16
2022-04-12 19:05:46,176,16.2,61.16
2022-04-12 19:42:39,872,16.2,61.16
2022-04-12 19:43:30,800,16.2,61.16
2022-04-12 20:03:46,800,18.54,65.372
2022-04-12 20:05:17,712,18.54,65.372
2022-04-12 20:05:57,664,18.54,65.372
2022-04-12 22:06:21,840,18.54,65.372
2022-04-12 23:10:01,824,18.54,65.372
2022-04-12 23:11:11,760,18.54,65.372
2022-04-13 07:41:26,168,12.7,54.86
2022-04-13 07:42:48,168,12.7,54.86
2022-04-13 07:43:35,184,12.7,54.86
2022-04-13 07:44:26,800,12.7,54.86
2022-04-13 07:45:17,864,12.7,54.86
2022-04-13 07:46:08,832,12.7,54.86
2022-04-13 18:38:14,784,20.67,69.206
2022-04-13 18:45:18,704,20.67,69.206
2022-04-13 19:28:36,712,20.67,69.206
2022-04-13 19:29:13,768,20.67,69.206
2022-04-13 20:37:52,184,18.05,64.49000000000001
2022-04-13 20:39:20,760,18.05,64.49000000000001
2022-04-13 20:39:55,752,18.05,64.49000000000001
2022-04-13 20:41:09,736,18.05,64.49000000000001
2022-04-13 20:42:33,736,18.05,64.49000000000001
2022-04-13 20:49:25,808,18.05,64.49000000000001
2022-04-13 20:50:12,736,18.05,64.49000000000001
2022-04-13 20:59:20,712,18.05,64.49000000000001
2022-04-13 22:30:56,712,18.05,64.49000000000001
2022-04-14 15:57:08,792,10.63,51.134
2022-04-14 17:58:55,832,10.63,51.134
2022-04-14 19:27:09,800,10.63,51.134
2022-04-14 19:42:37,808,10.63,51.134
2022-04-14 22:37:42,832,7.09,44.762
2022-04-15 15:51:30,776,18.29,64.922
2022-04-15 18:42:49,808,18.29,64.922
2022-04-15 18:43:24,800,18.29,64.922
2022-04-15 19:35:28,784,18.29,64.922
2022-04-15 20:28:27,864,16.33,61.394
2022-04-15 20:29:12,840,16.33,61.394
2022-04-15 20:30:03,856,16.33,61.394
2022-04-15 20:31:32,840,16.33,61.394
2022-04-15 20:41:21,864,16.33,61.394
2022-04-19 10:58:44,968,12.71,54.878
2022-04-19 13:27:08,944,12.71,54.878
2022-04-19 19:40:46,1024,11.87,53.366
2022-04-19 19:41:26,1000,11.87,53.366
2022-04-19 19:42:35,872,11.87,53.366
2022-04-19 22:59:21,944,5.41,41.738
2022-04-20 19:38:20,944,12.07,53.726
2022-04-20 19:38:59,880,12.07,53.726
2022-04-20 19:39:37,864,12.07,53.726
2022-04-20 20:01:32,952,11.75,53.150000000000006
2022-04-20 20:02:12,936,11.75,53.150000000000006
2022-04-20 20:26:30,952,11.75,53.150000000000006
2022-04-20 22:53:04,944,11.75,53.150000000000006
2022-04-20 23:44:41,960,11.75,53.150000000000006
2022-04-21 12:41:58,888,6.15,43.07
2022-04-21 19:04:39,904,15.65,60.17
2022-04-21 19:23:27,184,15.65,60.17
2022-04-21 19:24:22,896,15.65,60.17
2022-04-21 19:26:09,1016,15.65,60.17
2022-04-21 19:26:47,904,15.65,60.17
2022-04-21 19:27:35,944,15.65,60.17
2022-04-21 21:31:55,1000,11.71,53.078
2022-04-21 21:41:23,416,11.71,53.078
2022-04-21 23:39:29,1016,11.71,53.078
2022-04-21 23:40:10,1024,11.71,53.078
2022-04-21 23:43:45,1056,11.71,53.078
2022-04-21 23:44:20,976,11.71,53.078
2022-04-22 14:30:56,992,17.43,63.374
2022-04-22 18:32:23,976,17.43,63.374
2022-04-22 18:32:56,984,17.43,63.374
2022-04-22 19:08:02,1016,17.43,63.374
2022-04-22 22:49:42,1056,14.52,58.136
2022-04-22 22:50:09,184,14.52,58.136
2022-04-22 23:03:04,1064,14.52,58.136
2022-04-24 10:13:22,1048,4.97,40.946
2022-04-24 10:46:21,992,4.97,40.946
2022-04-24 21:49:59,1064,9.74,49.532
2022-04-25 18:13:01,1016,12.88,55.184
2022-04-25 18:13:35,1064,12.88,55.184
2022-04-25 19:20:11,1040,12.88,55.184
2022-04-25 19:20:46,1104,12.88,55.184
2022-04-25 19:35:21,1112,12.88,55.184
2022-04-25 19:36:19,1112,12.88,55.184
2022-04-25 22:08:48,1128,7.32,45.176
2022-04-25 23:39:35,1144,7.32,45.176
2022-04-26 14:15:58,1136,12.89,55.202
2022-04-26 19:14:23,1120,12.89,55.202
2022-04-26 19:14:59,1072,12.89,55.202
2022-04-26 19:21:13,1104,12.89,55.202
2022-04-26 19:40:56,1096,12.89,55.202
2022-04-26 19:42:01,168,12.89,55.202
2022-04-26 19:42:36,1088,12.89,55.202
2022-04-26 19:43:46,1088,12.89,55.202
2022-04-26 22:20:51,1208,11.54,52.772
2022-04-26 22:21:36,1104,11.54,52.772
2022-04-26 22:23:42,1152,11.54,52.772
2022-04-26 23:37:25,1192,11.54,52.772
2022-04-27 08:10:04,1168,10.86,51.548
2022-04-27 18:15:01,1168,13.38,56.084
2022-04-27 19:00:57,1216,13.38,56.084
2022-04-27 19:05:06,1168,13.38,56.084
2022-04-27 19:34:27,1208,13.38,56.084
2022-04-27 19:35:05,1136,13.38,56.084
2022-04-27 19:36:02,1160,13.38,56.084
2022-04-27 22:37:56,1288,6.69,44.042
2022-04-28 15:49:54,1312,7.16,44.888
2022-04-28 17:58:17,1192,7.16,44.888
2022-04-28 19:20:45,1208,7.16,44.888
2022-04-28 19:21:24,1272,7.16,44.888
2022-04-28 19:41:19,1200,7.16,44.888
2022-04-28 22:53:04,1216,7.02,44.636
2022-04-28 22:53:40,1144,7.02,44.636
2022-04-29 14:02:51,1064,11.8,53.24
2022-04-29 16:25:50,1048,11.8,53.24
2022-04-29 17:45:32,992,11.8,53.24
2022-04-29 18:06:08,976,11.8,53.24
2022-04-29 18:08:00,944,11.8,53.24
2022-04-29 18:43:44,976,11.8,53.24
2022-04-29 21:22:04,1080,10.17,50.306
2022-04-29 23:12:00,1144,10.17,50.306
2022-04-30 15:57:00,968,11.56,52.808
2022-05-02 10:44:47,944,10.13,50.234
2022-05-02 16:13:06,944,14.73,58.514
2022-05-02 19:41:17,1128,14.73,58.514
2022-05-02 19:42:00,1056,14.73,58.514
2022-05-02 23:36:11,1104,8.11,46.598
2022-05-02 23:40:32,1080,8.11,46.598
2022-05-02 23:41:09,1048,8.11,46.598
2022-05-03 10:16:48,1088,6.77,44.186
2022-05-03 10:17:16,464,6.77,44.186
2022-05-03 10:17:57,1144,6.77,44.186
2022-05-03 10:18:29,1048,6.77,44.186
2022-05-03 17:22:39,1112,12.31,54.158
2022-05-03 18:15:32,1160,12.31,54.158
2022-05-03 19:02:57,1160,12.31,54.158
2022-05-03 19:26:52,1144,12.31,54.158
2022-05-03 22:07:46,1248,11.03,51.854
2022-05-03 23:38:54,1232,11.03,51.854
2022-05-04 08:30:19,1224,11.07,51.926
2022-05-04 15:49:30,1224,12.02,53.636
2022-05-04 19:24:05,1248,12.02,53.636
2022-05-04 19:24:57,1200,12.02,53.636
2022-05-04 19:34:15,1256,12.02,53.636
2022-05-04 20:47:39,1264,11.91,53.438
2022-05-04 21:24:55,1304,11.91,53.438
2022-05-04 21:25:31,1264,11.91,53.438
2022-05-04 23:36:10,1240,11.91,53.438
2022-05-05 15:50:22,1168,18.57,65.426
2022-05-05 19:24:28,1224,18.57,65.426
2022-05-05 19:25:03,1152,18.57,65.426
2022-05-05 20:02:52,1192,18.62,65.516
2022-05-05 21:08:11,1216,18.62,65.516
2022-05-05 21:08:50,1160,18.62,65.516
2022-05-05 21:09:33,1144,18.62,65.516
2022-05-05 21:10:20,1104,18.62,65.516
2022-05-05 21:16:50,1080,18.62,65.516
2022-05-05 23:35:50,1152,18.62,65.516
2022-05-06 14:35:19,520,17.37,63.266000000000005
2022-05-06 18:08:31,528,17.37,63.266000000000005
2022-05-06 18:50:32,528,17.37,63.266000000000005
2022-05-06 19:36:43,536,17.37,63.266000000000005
2022-05-06 22:42:26,560,15.0,59.0
2022-05-09 12:52:38,568,6.88,44.384
2022-05-09 15:56:38,576,12.61,54.698
2022-05-09 18:42:26,592,12.61,54.698
2022-05-09 19:07:48,592,12.61,54.698
2022-05-09 23:21:38,632,10.83,51.494
2022-05-09 23:39:44,624,10.83,51.494
2022-05-10 14:28:21,544,14.64,58.352
2022-05-10 15:51:38,552,14.64,58.352
2022-05-10 19:33:59,576,14.64,58.352
2022-05-10 19:34:36,568,14.64,58.352
2022-05-10 19:45:02,568,14.64,58.352
2022-05-10 22:16:11,600,11.16,52.088
2022-05-11 14:09:00,520,15.4,59.72
2022-05-11 15:45:58,512,15.4,59.72
2022-05-11 19:49:02,536,15.4,59.72
2022-05-11 19:51:55,528,15.4,59.72
2022-05-11 21:46:11,560,12.02,53.636
2022-05-12 19:42:44,552,18.81,65.858
2022-05-12 19:46:50,536,18.81,65.858
2022-05-12 22:58:26,560,14.17,57.506
2022-05-13 10:18:51,176,15.75,60.35
2022-05-13 10:19:31,536,15.75,60.35
2022-05-13 10:20:28,520,15.75,60.35
2022-05-13 12:40:14,456,15.75,60.35
2022-05-13 15:46:27,472,23.23,73.814
2022-05-13 19:43:55,464,23.23,73.814
2022-05-13 22:09:40,472,23.05,73.49000000000001
2022-05-13 23:07:28,488,23.05,73.49000000000001
2022-09-05 21:48:07,1264,19.21,66.578
2022-09-05 23:03:45,1288,19.21,66.578
2022-09-06 18:26:59,1328,18.8,65.84
2022-09-06 19:26:34,1328,18.8,65.84
2022-09-06 19:49:23,1376,18.8,65.84
2022-09-06 19:50:17,1384,18.8,65.84
2022-09-06 23:47:19,1384,18.12,64.616
2022-09-07 00:45:11,1440,18.12,64.616
2022-09-07 19:43:50,512,21.66,70.988
2022-09-07 23:47:50,528,18.63,65.53399999999999
2022-09-08 19:40:08,488,22.22,71.99600000000001
2022-09-09 05:48:59,560,15.31,59.558
2022-09-09 15:49:09,456,25.01,77.018
2022-09-09 17:19:38,448,25.01,77.018
2022-09-09 18:57:26,456,25.01,77.018
2022-09-09 19:08:59,448,25.01,77.018
2022-09-09 20:51:19,464,21.81,71.258
2022-09-09 21:25:28,248,21.81,71.258
2022-09-10 14:55:07,160,28.37,83.066
2022-09-10 14:55:49,408,28.37,83.066
2022-09-12 18:42:29,456,24.98,76.964
2022-09-12 19:39:38,464,24.98,76.964
2022-09-12 20:05:41,456,23.26,73.868
2022-09-12 20:23:46,488,23.26,73.868
2022-09-12 20:33:16,440,23.26,73.868
2022-09-12 21:48:53,456,23.26,73.868
2022-09-13 09:44:55,496,21.09,69.962
2022-09-13 16:45:24,472,23.49,74.282
2022-09-13 16:46:02,456,23.49,74.282
2022-09-13 17:05:25,464,23.49,74.282
2022-09-13 19:40:44,496,23.49,74.282
2022-09-13 20:26:38,512,23.43,74.174
2022-09-14 16:45:52,504,25.47,77.846
2022-09-14 16:47:39,432,25.47,77.846
2022-09-14 18:40:25,440,25.47,77.846
2022-09-14 18:41:35,528,25.47,77.846
2022-09-14 19:05:26,472,25.47,77.846
2022-09-14 19:37:35,656,25.47,77.846
2022-09-15 08:03:54,640,15.28,59.504
2022-09-15 18:17:58,592,20.72,69.29599999999999
2022-09-15 19:40:44,504,20.72,69.29599999999999
2022-09-15 19:54:44,496,20.72,69.29599999999999
2022-09-15 19:55:18,480,20.72,69.29599999999999
2022-09-15 19:58:57,616,20.72,69.29599999999999
2022-09-16 11:22:47,832,12.75,54.95
2022-09-16 18:17:17,672,20.99,69.782
2022-09-16 19:37:46,640,20.99,69.782
2022-09-16 19:38:32,784,20.99,69.782
2022-09-16 19:42:04,504,20.99,69.782
2022-09-16 21:21:45,536,18.48,65.26400000000001
2022-09-16 21:22:21,496,18.48,65.26400000000001
2022-09-19 15:38:02,536,18.38,65.084
2022-09-19 18:23:38,560,18.38,65.084
2022-09-19 19:32:59,528,18.38,65.084
2022-09-19 19:43:00,504,18.38,65.084
2022-09-19 20:19:09,640,19.21,66.578
2022-09-19 23:41:30,656,19.21,66.578
2022-09-21 07:07:58,576,14.92,58.856
2022-09-21 07:08:33,568,14.92,58.856
2022-09-21 07:09:40,712,14.92,58.856
2022-09-21 07:10:16,584,14.92,58.856
2022-09-21 07:10:52,688,14.92,58.856
2022-09-21 07:12:27,560,14.92,58.856
2022-09-21 13:29:01,656,14.59,58.262
2022-09-21 13:29:53,520,14.59,58.262
2022-09-21 16:41:27,520,19.39,66.902
2022-09-21 19:21:40,648,19.39,66.902
2022-09-21 19:43:43,560,19.39,66.902
2022-09-21 20:59:45,568,18.37,65.066
2022-09-21 21:00:24,736,18.37,65.066
2022-09-21 21:07:51,536,18.37,65.066
2022-09-22 07:12:48,576,17.6,63.68000000000001
2022-09-22 07:13:26,568,17.6,63.68000000000001
2022-09-22 18:24:03,648,20.72,69.29599999999999
2022-09-22 19:51:07,640,20.72,69.29599999999999
2022-09-22 20:41:21,624,15.44,59.792
2022-09-22 20:42:04,600,15.44,59.792
2022-09-22 20:43:02,608,15.44,59.792
2022-09-23 00:33:47,192,15.44,59.792
2022-09-23 13:19:46,640,10.46,50.828
2022-09-23 18:03:45,696,14.98,58.964
2022-09-23 18:15:48,904,14.98,58.964
2022-09-23 18:19:35,848,14.98,58.964
2022-09-23 19:19:35,984,14.98,58.964
2022-09-23 21:47:04,1032,10.99,51.782
2022-09-23 21:58:40,992,10.99,51.782
2022-09-24 00:03:41,312,10.99,51.782
2022-09-26 07:15:09,936,17.28,63.104
2022-09-26 15:50:59,816,22.69,72.84200000000001
2022-09-26 19:40:07,800,22.69,72.84200000000001
2022-09-26 19:42:25,728,22.69,72.84200000000001
2022-09-26 23:41:33,576,19.01,66.218
2022-09-27 01:39:00,768,19.01,66.218
2022-09-27 01:39:34,464,19.01,66.218
2022-09-27 15:08:52,808,22.96,73.328
2022-09-27 15:45:12,552,22.96,73.328
2022-09-27 15:46:08,608,22.96,73.328
2022-09-27 18:17:56,824,22.96,73.328
2022-09-27 18:39:21,816,22.96,73.328
2022-09-27 19:41:08,808,22.96,73.328
2022-09-27 20:04:37,872,17.68,63.824
2022-09-27 20:05:11,816,17.68,63.824
2022-09-27 21:13:14,840,17.68,63.824
2022-09-27 21:14:02,816,17.68,63.824
2022-09-27 21:14:38,824,17.68,63.824
2022-09-28 19:29:00,856,20.95,69.71000000000001
2022-09-28 19:32:16,840,20.95,69.71000000000001
2022-09-28 19:45:42,720,20.95,69.71000000000001
2022-09-28 19:56:52,840,20.95,69.71000000000001
2022-09-28 23:06:54,888,17.53,63.554
2022-09-29 16:55:36,840,17.69,63.842
2022-09-29 16:56:36,936,17.69,63.842
2022-09-29 19:50:59,792,17.69,63.842
2022-09-29 19:51:34,776,17.69,63.842
2022-09-29 20:40:38,840,13.72,56.696
2022-09-29 20:41:17,800,13.72,56.696
2022-09-29 20:41:59,856,13.72,56.696
2022-09-30 09:50:54,976,7.9,46.22
2022-09-30 09:51:55,816,7.9,46.22
2022-09-30 09:52:34,792,7.9,46.22
2022-09-30 12:48:07,800,7.9,46.22
2022-09-30 18:45:55,880,15.86,60.548
2022-09-30 18:46:41,816,15.86,60.548
2022-09-30 18:55:06,848,15.86,60.548
2022-09-30 21:03:33,912,12.74,54.932
2022-10-01 23:43:27,920,13.62,56.516
2022-10-01 23:44:03,144,13.62,56.516
2022-10-01 23:45:48,864,13.62,56.516
2022-10-01 23:46:23,904,13.62,56.516
2022-10-01 23:47:20,888,13.62,56.516
2022-10-01 23:47:56,744,13.62,56.516
